geoid,county_state,year,population,median_income,median_monthly_rent_cost,median_monthly_home_cost,prop_female,prop_male,prop_white,prop_black,prop_native,prop_asian,prop_hawaiin_islander,prop_other_race,prop_multi_racial,prop_highschool,prop_GED,prop_some_college,prop_college_no_degree,prop_associates,prop_bachelors,prop_masters,prop_professional,prop_doctoral,prop_poverty
01,Alabama,2008,4661900,42666,631,742,0.5154499238507905,0.48455007614920953,0.7028359681674854,0.26183380166884745,0.00514082241146313,0.00976833479911624,2.417469272185161e-4,0.00717711662626825,0.01300220939960102,0.26042269300720905,0.05599384635174479,0.05957806060680871,0.1546490676137949,0.06831511070817305,0.14279264017951607,0.05542473783489941,0.01338379515471663,0.00833393156859885,0.15695140822184195
02,Alaska,2008,686293,68460,949,1393,0.4789994943850513,0.5210005056149487,0.69112900758131,0.03625710884418171,0.12725905699169304,0.04637377912932231,0.00548453794516336,0.0124626070789007,0.08103390242942883,0.21830967684237035,0.04658967618339331,0.08116478897437285,0.21686228086071815,0.08030576534298578,0.17587155596244772,0.06465035384713146,0.01743700297245711,0.01512587638061572,0.08420040520586518
04,Arizona,2008,6500180,50958,866,1177,0.4986763443473873,0.5013236556526127,0.8005912143971398,0.03626945715349421,0.04411400915051583,0.02375564984354279,0.00143688328630899,0.06808688374783467,0.02574590242116372,0.21063472872218247,0.0393591294265753,0.07719126344916348,0.1816943256688595,0.07837908555348336,0.15909279013449343,0.06474226764780454,0.01623786209194554,0.01092796335974289,0.14718370420672222
05,Arkansas,2008,2855390,38815,606,660,0.510203509853295,0.489796490146705,0.7871509671183271,0.15501770336101198,0.00524166576194495,0.01031943097090064,6.710116656568805e-4,0.02181138128241676,0.01978783983974168,0.29580086436773756,0.05826953450796502,0.06878793088902582,0.15348828020294594,0.05581120175308386,0.1251352243201941,0.0433444004583477,0.01218807633860063,0.00725272237392501,0.17322446643154377
06,California,2008,36756666,61021,1135,1919,0.4998588011219516,0.5001411988780484,0.6247026865820746,0.06150179670811275,0.00855300641249671,0.12375281806026694,0.0035960824085623,0.1422402673844249,0.03565334244406171,0.18642537663722888,0.02197354388784042,0.05841287808016125,0.16353103362920743,0.07605150456833669,0.1883724215712059,0.07033001202457821,0.02292417919460657,0.01427551023704212,0.13278281422639623
08,Colorado,2008,4939456,56993,848,1364,0.4963327945425569,0.503667205457443,0.8473945308957099,0.03797098303942782,0.00968426482592415,0.0255378325062517,0.00110619469026548,0.04750644605397841,0.030799747988442448,0.190171944691829,0.03873613020552088,0.0632045224279549,0.16437901506147976,0.07616212681112562,0.22938646520131928,0.09185216421812148,0.02118371107064424,0.01352548217513436,0.11434179467039585
09,Connecticut,2008,3501252,68595,970,1722,0.511804063232238,0.4881959367677619,0.8013544869092541,0.09458016732300333,0.00231945601173523,0.03464332187457515,2.878970151248753e-4,0.04564709995167443,0.02116757091463282,0.24766052944677047,0.03223002668423904,0.05493891047604869,0.12090341523577422,0.0745910975558692,0.2038542209018503,0.10854508934292652,0.02838113501700491,0.01530970677789822,0.09284491390331984
10,Delaware,2008,873092,57989,917,1209,0.5159055403096122,0.4840944596903877,0.7272784540460799,0.20577900152561243,0.00303748058623833,0.02895456607092952,1.5462288052118218e-4,0.01785493395884969,0.01694094093176893,0.2789961001081107,0.03427229804867904,0.06962054687862554,0.14221972427472152,0.07212995285410555,0.16648705507458608,0.07670704060253243,0.01797662814900371,0.01379485778027572,0.10001269345769788
11,District of Columbia,2008,591833,57936,1011,1826,0.5271656024588017,0.4728343975411982,0.37495543506360746,0.5344041308950329,0.00373754082655073,0.03394707628672278,9.529715308203496e-4,0.03203268489590814,0.01997016050135764,0.16989706960432724,0.02840740227061084,0.03190445998692318,0.11545739137326386,0.02969527055140575,0.21570060034475244,0.15004408472191952,0.07408214618295655,0.04252689663371045,0.17222544556252825
12,Florida,2008,18328340,47778,947,1152,0.509136943116507,0.490863056883493,0.7756022640348226,0.15360741889336404,0.0025930335207662,0.02293677441601367,4.124759798214132e-4,0.02624231108763805,0.018605722067574042,0.2571230069549677,0.04233928311011565,0.06482607226224332,0.14616763358807475,0.08359898867758601,0.16807597076148093,0.06075714371657522,0.01952696707532601,0.00979730400116162,0.1322738443192096
13,Georgia,2008,9685744,50861,787,1106,0.5077634717580808,0.49223652824191927,0.6193449878501848,0.29982570259961444,0.00234922583128358,0.02863208030276249,3.3544144879319544e-4,0.03563701456491107,0.01387554740245044,0.2456730768454317,0.04779233934298696,0.05442862100970773,0.15143257991001427,0.06476879121028199,0.17765777097100377,0.06857006549393552,0.01821694928721868,0.01050700184160813,0.14661630105374077
15,Hawaii,2008,1288198,67214,1298,1645,0.49578015180896107,0.5042198481910389,0.2707239104547593,0.02380534669359834,0.00239869957879145,0.3846101298092374,0.09019576183164388,0.01425091484383611,0.2140152367881335,0.2631041205159866,0.0241946014299361,0.05812179426971774,0.16888571736197178,0.09737631235925712,0.19206433567074355,0.06369423833337533,0.02461840498667882,0.01075659243613738,0.09133017399623354
16,Idaho,2008,1523816,47576,690,946,0.4971026685636586,0.5028973314363414,0.927039091333862,0.00522241530473495,0.0108103603059687,0.01214647962746158,9.76495849892638e-4,0.01818723520425038,0.02561792237382991,0.23344440250969076,0.04398527047568607,0.08406817617878941,0.19174028996144551,0.08549754890206243,0.16590836584435162,0.04999676801207721,0.01486818702158759,0.00918301600772341,0.126125394047416
17,Illinois,2008,12901564,56235,811,1293,0.507526839381644,0.49247316061835605,0.7270693692640675,0.14576659077922646,0.0018621773298183,0.04280450029159255,1.9230226660891655e-4,0.0650790090255724,0.01722605104311384,0.23855916548148767,0.03494070888179509,0.06791364533892545,0.14605265399671902,0.07252318441242109,0.18646061530180155,0.08077291184210354,0.02076609922238675,0.01077556754853038,0.12191436289350462
18,Indiana,2008,6376792,47966,670,916,0.5082031842970572,0.4917968157029428,0.8574157664229913,0.08585555244706115,0.00245844619049829,0.01329979086663011,2.324052595725249e-4,0.02132561325506618,0.01941242555818035,0.3030540381383725,0.04802389991908881,0.06806114778978413,0.1393166116885542,0.07502477605794965,0.14772084205083522,0.05814378252605675,0.01403545729182126,0.00903811443426804,0.1307514631506254
19,Iowa,2008,3002557,48980,607,823,0.5069325911215008,0.4930674088784992,0.9269192891259016,0.0253853632087584,0.00329152785442541,0.01574691171558108,5.322130437490446e-4,0.01321173919429339,0.01491295585729097,0.2949802548877742,0.04273644620315841,0.08172293787868376,0.14376543534233618,0.09669749356313384,0.1693820406381491,0.04896413948092788,0.01482348637647886,0.00947088353819476,0.11549711635682965
20,Kansas,2008,2802134,50177,654,887,0.5041821697320685,0.4958178302679315,0.8624741000965692,0.05624142171644896,0.00731692345904942,0.02141189536260578,6.973256810702129e-4,0.02481430224250517,0.02704403144175118,0.2380702482770074,0.04129314401173573,0.08540341553876388,0.15973483904896343,0.07445708433668244,0.19557142461734345,0.07227711810456974,0.0181222840377536,0.01016524121896537,0.11318269693725952
21,Kentucky,2008,4269245,41538,578,728,0.5112058455300644,0.4887941544699356,0.8906223465741601,0.07421171659157533,0.0017637779045241,0.01023881271747112,6.375834603073846e-4,0.0080684055377473,0.01445735721421469,0.27484178129444514,0.06954696298750888,0.06817240426297685,0.1368321172659752,0.06703279796666947,0.1173408118981302,0.05642652324010189,0.01590993420635854,0.00708686139059814,0.17342756911725915
22,Louisiana,2008,4410796,43733,698,709,0.514914768218707,0.485085231781293,0.6404240867181343,0.3185506652314004,0.00631745381105814,0.01463454668953177,2.561895857346384e-4,0.00840324512854369,0.01141381283559702,0.29619360537007594,0.05384525702172761,0.05665006182653241,0.15407631160572338,0.04869987634693517,0.13777495142201024,0.04309203320968027,0.01383677795442501,0.00803426956368133,0.17347585266144497
23,Maine,2008,1316456,46581,702,973,0.5133684680688151,0.4866315319311849,0.9580867115953744,0.0093675747613289,0.00538567183407573,0.00817345965227854,2.453557126102202e-4,0.00266548976950236,0.01607573667482999,0.3018445090103964,0.0481039076280915,0.06264093888179334,0.14057273684731972,0.0904151868308432,0.16487506919062583,0.0635627626282315,0.0145822609235037,0.01060851136233919,0.12319627048084336
24,Maryland,2008,5633597,70545,1074,1658,0.5157568068855476,0.48424319311445246,0.6122928210874864,0.28852099289317285,0.00283815118475815,0.05075123406945864,2.8347785615477996e-4,0.0240143198031382,0.02129900310583096,0.2302557996897211,0.03348553301289889,0.06137295068276054,0.14130410671883414,0.06169498863513367,0.1975749606806359,0.10301633307009068,0.02986133660449062,0.02136835395846111,0.08060123880141605
25,Massachusetts,2008,6497967,65401,991,1697,0.5148935043837557,0.4851064956162443,0.8253953890501444,0.06263466711973145,0.0022051512419192,0.04958750944718556,8.633469514388115e-5,0.039491736415405,0.02059921203047045,0.23721767096179633,0.0293015322900994,0.04955493804240043,0.11470063054707366,0.07538028712163708,0.21738628221887263,0.11339910826168784,0.0287310362359357,0.02140553947348375,0.09992257104935362
26,Michigan,2008,10003422,48591,706,1045,0.5083239515437817,0.49167604845621826,0.7962118363096149,0.13884028885315444,0.00541504697092654,0.02316017458825589,2.812037720691979e-4,0.01440447079009562,0.02168697871588342,0.27058505970637475,0.04086730253684197,0.08045317820418578,0.16103430295085766,0.08062065540012867,0.15324585893772988,0.067442463284774,0.01691383886702129,0.00986772620888359,0.14435443562985636
27,Minnesota,2008,5220393,57288,734,1225,0.5026573669836735,0.4973426330163266,0.8813667859871852,0.04417272799193471,0.01049576152600005,0.03520347989126489,8.869064072379225e-5,0.01065015603231404,0.01802239793057725,0.24400834140380837,0.03112401486915703,0.07115685039379192,0.1577632954505669,0.09660901159804663,0.2154581015754281,0.06728302237289038,0.02107110129504721,0.01139318631035242,0.09643730203195462
28,Mississippi,2008,2938618,37790,638,653,0.5141113952204743,0.4858886047795256,0.5973392935046338,0.37483402061785503,0.00413663837899311,0.00764440971912647,2.327624754221202e-4,0.00704378724965272,0.00876908805431669,0.24441114313573045,0.05626387952252295,0.05863172069568355,0.16739992783722138,0.07838896596751815,0.12583599290399344,0.04763065543561835,0.01255922287560082,0.00783159441082098,0.21192577171420415
29,Missouri,2008,5911605,46867,657,886,0.5118768929926814,0.48812310700731865,0.841640468197723,0.11134015212450764,0.00351207497794592,0.01415943724250859,7.143576067751482e-4,0.00857838099805382,0.02005512885248591,0.27332003864296095,0.04675359034528655,0.07420459777688057,0.15326408142908474,0.06718823938308142,0.1588036208750644,0.06531176253221205,0.01623785799707803,0.00970926100572315,0.13384434373244375
30,Montana,2008,967440,43654,631,758,0.5025469279748614,0.4974530720251385,0.8962354254527413,0.0053801786157281,0.06050090961713388,0.00669085421318117,7.483668237823534e-4,0.00639212767716861,0.02405213760026461,0.2586286417688735,0.05037352859965725,0.07496332586224716,0.17777585815939792,0.07638092975687862,0.18753711762101696,0.05578171059593353,0.0183625209594047,0.00954684494436791,0.14817144178331357
31,Nebraska,2008,1783432,49693,626,917,0.504858609691875,0.495141390308125,0.8891328629294529,0.03991068905346545,0.00764873569611849,0.014970573590694791,4.945520771187239e-4,0.02608790242633305,0.02175468422681661,0.2600039782257287,0.03610022696733251,0.08165178016915277,0.16262691452113193,0.0896091002347848,0.18509259798118077,0.05783801672418301,0.01890786411840172,0.00952515793469282,0.10810490043282024
32,Nevada,2008,2600167,56361,1011,1543,0.4906688685765184,0.5093311314234816,0.7726103746413211,0.07392448254285205,0.01327491657266629,0.06025805265584864,0.00431856876885215,0.04342644145549113,0.03218716336296861,0.24965879786916784,0.03488272821364457,0.07450486220345821,0.1873383894791624,0.07033266476817551,0.14895885108149673,0.04839982925274687,0.01411062316899884,0.00711934180442422,0.1130728708025841
33,New Hampshire,2008,1315809,63731,914,1534,0.5079711417082571,0.492028858291743,0.948245528036364,0.00983425405966975,0.00175785391344792,0.01992842426218395,1.9987703382481805e-4,0.00621974769894414,0.01381431499556546,0.24912300905338128,0.04157734351469624,0.05940727813900749,0.13296710841025458,0.09268531970306326,0.21312319508176392,0.08978969934269972,0.01857404815477561,0.01168878337437769,0.07605936134185379
34,New Jersey,2008,8682661,70378,1068,1905,0.5102926395490968,0.4897073604509032,0.7076311052567871,0.13624832295076358,0.00238544381728136,0.07638856336784311,1.542153954876276e-4,0.05842298806782851,0.01876936114400873,0.26836493790067006,0.02623476078947615,0.05261088313457739,0.11966025480889332,0.06279727064769682,0.21588467352557256,0.0906628902043604,0.02422671051319019,0.01327212781540124,0.08718803671466364
35,New Mexico,2008,1984356,43508,668,794,0.5064413845096344,0.4935586154903656,0.7344851427868789,0.0227746432595764,0.09215332329481202,0.01353839734402496,3.7291695643322065e-4,0.10476799525891524,0.03190758109935918,0.21702731992441343,0.04458276767305292,0.06170789629148555,0.1795423335589454,0.07425949037758069,0.13974906201462436,0.07515776542345295,0.01590134623886448,0.01639743193492983,0.17140424471059448
36,New York,2008,19490297,56033,953,1345,0.5145287934811871,0.4854712065188129,0.6717621593965448,0.1591166619985319,0.00372364772070943,0.06987861703697999,3.0312519096040456e-4,0.07526144932527196,0.01995433933100147,0.23829613112996417,0.03821816500544967,0.04658889025564199,0.11795298532535556,0.0806898900457332,0.18118273203336752,0.09742422629025062,0.02731820704840693,0.01331283815664581,0.1361228625037234
37,North Carolina,2008,9222414,46549,694,937,0.5108583284159657,0.48914167158403427,0.703940421672677,0.2122529957991476,0.01043793956766634,0.01853213269324062,4.5497849044729506e-4,0.03738630688234121,0.0169952248944799,0.23209595559145255,0.04412343485916505,0.06547960130247982,0.15224717208558636,0.0817173802835186,0.17424126770758783,0.06103792490610593,0.01465232284606466,0.01070922376245108,0.1455069051932816
38,North Dakota,2008,641481,45685,534,721,0.4965322433556099,0.5034677566443901,0.9099755097968608,0.00953262840208829,0.05301170260693613,0.00840866681943814,4.177832235093479e-4,0.00561045455750053,0.01304325459366684,0.237571408450368,0.03331399665308324,0.0637967213584376,0.17074049936379934,0.12196432024407187,0.20322612218394673,0.04648919891237142,0.01206274633378929,0.00712831200330394,0.11963042644602316
39,Ohio,2008,11485910,47988,667,998,0.5124441163129434,0.4875558836870566,0.8410089405192971,0.11719828903412964,0.00184939634735079,0.01524537455020978,1.403458672408194e-4,0.00634577495383474,0.0182118787279371,0.31709460043951776,0.03699707305642296,0.07061758600807978,0.13662497167063592,0.07403067908666,0.153859923967053,0.06222896284583516,0.01591715574098069,0.00898815535751494,0.1335605896574802
40,Oklahoma,2008,3642361,42822,614,733,0.5072078248147287,0.4927921751852713,0.7581129382837122,0.07165709274835745,0.06452078747823184,0.01696893855386657,9.285186174571932e-4,0.0219061207826462,0.06590560353572861,0.26877911289126244,0.05261152436052303,0.07264246508572277,0.17126666242821115,0.06829889588234048,0.14983660754021236,0.04975861995888698,0.01384110030304956,0.00825905440057643,0.15938638910510916
41,Oregon,2008,3790060,50169,780,1258,0.5027171073808858,0.49728289261911424,0.8670187279357056,0.01731977857870324,0.01687440304375128,0.0342638375118072,0.00261710896397418,0.02694944143364485,0.03495670253241374,0.21212258603284953,0.04412151649548256,0.08215015762113188,0.1850295769708454,0.0820288658835018,0.1803360129894538,0.06879140339965628,0.0189699502626373,0.01290923851652067,0.136182535638123
42,Pennsylvania,2008,12448279,50713,726,980,0.513489294383585,0.4865107056164149,0.83771451459274,0.10347269690854456,0.00141168108459008,0.0238791241745144,2.593129540236044e-4,0.01842399258564175,0.01483867769994551,0.3360766280306187,0.03726662271165307,0.05593196821080283,0.10885732853887022,0.07385315407113255,0.16308210699002706,0.06876898745677455,0.01825828179946225,0.01249449579084335,0.12141270557888847
44,Rhode Island,2008,1050788,55701,850,1579,0.5176439015291381,0.48235609847086186,0.8321240821174205,0.05440583638183915,0.00479640041568803,0.02873272249016928,3.930383673966585e-4,0.06069064359318911,0.01885727663429731,0.23539603750850097,0.04283763153513388,0.05460630465639312,0.12817144647024462,0.0756942543591075,0.1869978807640537,0.08058317083976488,0.02015390563050797,0.01262652628727357,0.11703593724703552
45,South Carolina,2008,4479800,44625,675,799,0.5135396669494174,0.4864603330505826,0.675472565739542,0.2807705701147373,0.00275302468860217,0.01099602660833072,2.4554667619090136e-4,0.01420621456315014,0.01555605160944685,0.26542177359263,0.04320893410013504,0.06009142982217325,0.1413149437835625,0.08510188405963542,0.1517299989663985,0.06104970677468365,0.01435591426106612,0.00947670714826642,0.15660717635406407
46,South Dakota,2008,804194,46032,569,789,0.5006304448926503,0.4993695551073497,0.8709913279631532,0.00944423857924829,0.08171535723967102,0.00821816626336431,2.5491361537141534e-4,0.00769590422211555,0.02168009211707623,0.28305949073498676,0.04196646583388943,0.06865536368833762,0.1624986376386501,0.0965699087361302,0.177732227637675,0.04648281321404465,0.01606152328251646,0.01030231993407127,0.12454549092143528
47,Tennessee,2008,6214888,43614,660,824,0.5129974989090712,0.48700250109092874,0.7943766645513162,0.16340230105514372,0.00249240211569379,0.01319090545155439,4.671041537675337e-4,0.01062464842487909,0.01544597424764533,0.2668546965982225,0.05852910473490653,0.06601526585963836,0.14948499272142202,0.06026423153539687,0.14866471613545815,0.05405445525589947,0.01593481841863316,0.00993573781795893,0.15485897846695923
48,Texas,2008,24326974,50043,768,1010,0.5006677772582813,0.49933222274171873,0.7387403381941379,0.11428679950083392,0.00498833105999948,0.03458461377070572,7.540600816196869e-4,0.08710635363033643,0.01953950376236683,0.20803418428194245,0.04638182762323663,0.06331092561206904,0.16221566817936525,0.062882623730516,0.17077482970735702,0.05844998355685737,0.01457046240338579,0.00956928751539024,0.1584819356147368
49,Utah,2008,2736424,56633,784,1196,0.4957250776926383,0.5042749223073617,0.909771658193321,0.01096357874364499,0.01064418379607838,0.01966069585707478,0.00746229385504585,0.02095070062241816,0.0205468889324169,0.2151078646163663,0.02925511728162384,0.08295007056323224,0.19106619307180983,0.09509826750219022,0.1969151581658448,0.06593063061788176,0.01600055061191251,0.01172944886063214,0.09559461640493835
50,Vermont,2008,621270,52104,797,1170,0.5086162216105719,0.4913837783894281,0.9589550437008064,0.00748466850161765,0.00238382667761198,0.01191913338805994,9.174754937466802e-5,0.00376647834274952,0.0153991018397798,0.29045803391344605,0.03981072863427309,0.05654412260764576,0.1107432902416839,0.08736120448798326,0.19874191304590577,0.08632598131015054,0.02206304858104634,0.01410927769338317,0.10553012681023488
51,Virginia,2008,7769089,61233,934,1311,0.508016319545316,0.49198368045468394,0.7079867407877551,0.19570273940741317,0.00309006628705115,0.04818183959535024,5.339107326483195e-4,0.02313823409668752,0.02136646909309444,0.21527692382291616,0.03650021820297726,0.06143412694564321,0.1419331813994084,0.0672804150705523,0.19920147408233527,0.09853290016001552,0.02331940066915579,0.01584813072782815,0.10215359822855784
53,Washington,2008,6549224,58078,874,1428,0.5010862355601213,0.4989137644398786,0.8038065273076627,0.0335183221706877,0.01389553937993264,0.06482935993638331,0.00443899918524698,0.0397882252920346,0.03972302672805206,0.19981344121198943,0.0375540151047439,0.08372059209283363,0.1751284728228332,0.09317250899235692,0.19847498560242924,0.07648408928841245,0.02015067368324615,0.01189044491285453,0.1134793045868778
54,West Virginia,2008,1814468,37989,528,503,0.5105050075283775,0.48949499247162254,0.9435746455710434,0.03403697392293499,0.00135466704290183,0.0052847446193595,1.8021811351867325e-4,0.00165613281689178,0.0139126179133498,0.3427191488184402,0.06507096473303743,0.05827684743471679,0.12695078908988866,0.05845786580136199,0.10343737278321669,0.04824416136720248,0.01187527913585467,0.00734665807685771,0.17011610012221065
55,Wisconsin,2008,5627968,52094,704,1119,0.5028463203770881,0.49715367962291185,0.8836043488520191,0.05781571608083059,0.00861696441770813,0.02044858819382057,1.6613456224342428e-4,0.01329023192740257,0.01605801596597564,0.30088969060370724,0.03540537592354621,0.07020041983605642,0.1449644948531505,0.08796656210673627,0.1708796602999513,0.06070275979683979,0.01565898031453117,0.00967911009655165,0.1039618547734602
56,Wyoming,2008,532668,53207,636,869,0.4944562091208783,0.5055437908791217,0.9187054600614266,0.01062575563014861,0.02043674483918688,0.00700624028475523,3.379215571425353e-4,0.01515953652181095,0.02772834110552914,0.2485252827078128,0.05748320639745384,0.09250148115710569,0.18127931903980948,0.1007186831869349,0.15738045559533928,0.05581744130467759,0.01441659582871813,0.00867514432337595,0.094095314525588
72,Puerto Rico,2008,3954037,18401,429,276,0.5204966468447311,0.479503353155269,0.7572604909868067,0.07156002839629472,0.00158395078245347,0.00359607155926967,0,0.08782290099966186,0.0781765572755136,0.2007526347271388,0.04119267246777228,0.02113226567476939,0.11091016998063964,0.08442794393664677,0.15515273989065173,0.03674539151240221,0.0129552580589709,0.0066672267090432,0.4479772735647809
01,Alabama,2009,4708708,40489,657,751,0.5156242434230366,0.48437575657696336,0.6997730587668635,0.2610626949048444,0.00511307985120334,0.01091806924532164,4.610606561290273e-4,0.00906214613435362,0.01360989044128453,0.2559700280681981,0.05433728436171967,0.06002730439392782,0.16025991164262182,0.07013872352279314,0.1435829860377884,0.05416655166814185,0.013843789855012,0.00873625072288607,0.17535426253661282
02,Alaska,2009,698473,66953,1007,1384,0.4836049496544605,0.5163950503455395,0.683468079653759,0.03875167687226278,0.13164861061200647,0.04815647848950496,0.00766099763340887,0.01681238931211371,0.07350176742694421,0.22117547741304056,0.05596064734286072,0.08709628042247053,0.20870730881445715,0.07544911846151706,0.17583457412020093,0.06579417317210062,0.01467607345458256,0.00932793417103841,0.09034571490536508
04,Arizona,2009,6595778,48745,859,1158,0.498607290906395,0.501392709093605,0.7997787372467661,0.03851115061786494,0.04459595213786759,0.02545279722877271,0.00171928163743534,0.06214187318008581,0.02780020795120757,0.20996245260674384,0.03892443701860845,0.07762831164312864,0.1818411004486338,0.07780720963619916,0.1628903889642536,0.06583869850768473,0.01599512832517817,0.01085345876907352,0.16522268216203112
05,Arkansas,2009,2889450,37823,606,653,0.5108048244475593,0.4891951755524408,0.7840720552354254,0.15497274567824326,0.00631296613542369,0.0111446815137829,8.060357507484123e-4,0.0229465815293568,0.0197449341570195,0.2860223728592783,0.06203483980894095,0.06749727141036832,0.1593386045798287,0.06041081687513196,0.12731089744599808,0.04369209953810939,0.01103463706869112,0.00648611229288717,0.18794279230350355
06,California,2009,36961664,58931,1155,1852,0.49901127286910024,0.5009887271308997,0.6265315868895945,0.06081836575323016,0.00800166897247916,0.1249604725588112,0.00372126103413525,0.1379114316931186,0.03805521309863106,0.1874484302464512,0.02193485026916662,0.05922178726874055,0.1629895817902441,0.07559308554174064,0.191487180552406,0.07087369753456264,0.02252420086040308,0.01409803478741099,0.14166613724139418
08,Colorado,2009,5024748,55430,851,1352,0.4966746591072826,0.5033253408927174,0.8460243180354516,0.03879816460447369,0.00977999294690997,0.025914931455269,0.00114174880013883,0.04607335532050562,0.03226748883725114,0.18860631426551783,0.03724363630180411,0.06346269229554669,0.16567173786834632,0.07950736146097248,0.2313856210420457,0.09288242309999976,0.02157244498640905,0.01293933748065809,0.1290175167645876
09,Connecticut,2009,3518288,67034,1006,1708,0.5122110526483336,0.4877889473516665,0.7907320264856089,0.0958685019532227,0.00278572987771325,0.03525493080725626,2.7541804423060305e-4,0.05276486745826379,0.02231852537370448,0.24852870936545896,0.03322956522032651,0.05297869898583476,0.12121544555591748,0.07375820032505945,0.2004950996359537,0.11283326610487304,0.02798152595665536,0.01459392040937913,0.09400683480253531
10,Delaware,2009,885122,56860,949,1234,0.5154735731345509,0.48452642686544906,0.7191438016454229,0.20764369205601035,0.00309109930608435,0.03065340145200322,0,0.01812179563947117,0.02134620990100799,0.277697590286541,0.0341553904757424,0.06279940786345237,0.1375490856665653,0.0741783769342315,0.17363345672311903,0.07791871732873155,0.01989639290713168,0.01603507115216262,0.10830898101215836
11,District of Columbia,2009,599657,59290,1059,1841,0.5303164975977934,0.4696835024022066,0.3872997396845197,0.5321692234060471,0.00306008268059907,0.02879646197743043,8.988471743013089e-4,0.02935011181392029,0.01842553326318212,0.17300602811831756,0.02736843123784458,0.04031969346582937,0.1196600837937474,0.02595090421774763,0.20475766577325377,0.157190683993072,0.08275600150944856,0.04001731995471654,0.18400681993990453
12,Florida,2009,18537969,44736,952,1125,0.5085044645397778,0.49149553546022223,0.7691570743267507,0.15636184309079382,0.00311333997807418,0.02388001619810671,4.80419403010114e-4,0.02770427547915308,0.0193030315241114,0.25897660360048447,0.04282879450140552,0.06516644397475686,0.1485904477044818,0.08464571050385034,0.16263238086191142,0.06048366432975568,0.01963831729909919,0.00986091338263803,0.14940449789512034
13,Georgia,2009,9829211,47590,800,1092,0.5089201971551939,0.4910798028448062,0.6185144463782495,0.2997311788301218,0.00229916724750338,0.02968101915809926,6.352493602996212e-4,0.03287445960820253,0.01626447941752395,0.24309305805185796,0.04571237524328582,0.05754385886067599,0.15293180485258717,0.06446853663837174,0.17601887926891788,0.06908466747967923,0.01947907701779971,0.01085159909770371,0.165131735284846
15,Hawaii,2009,1295178,64098,1293,1672,0.4945428350388904,0.5054571649611096,0.26898233293029994,0.02262777780351426,0.00268457308570713,0.370711207262631,0.08808441774026428,0.01041246840202659,0.2364972227755567,0.2639613629439008,0.02474959875770628,0.05338759495878843,0.1673494675964992,0.09894176238527642,0.19625930049621523,0.06291773655172883,0.02299398674569563,0.0135589879972771,0.10362821764243373
16,Idaho,2009,1545801,44926,694,957,0.497701191809295,0.502298808190705,0.9234953270181608,0.00662439731893044,0.01471211365499181,0.01116767294108361,8.054076818426175e-4,0.01792145302014942,0.02527362836484127,0.2374191941726417,0.05107032052545837,0.08245047886856277,0.19044856962012183,0.08345075903001878,0.16365683334543907,0.05254272462204144,0.01236757183028441,0.01035040934701628,0.14293792784152914
17,Illinois,2009,12910409,53966,828,1267,0.5074431026933384,0.4925568973066616,0.7249853199848277,0.14547161131765848,0.00190969937513211,0.04379636617244271,1.498016058205437e-4,0.06576058124882024,0.01792662029529815,0.2378617896190099,0.03502541518259833,0.06618139859176814,0.14609975996936597,0.07296774833535265,0.18890148978278729,0.08563617006726855,0.02074849309756375,0.01065874441922553,0.13337412006393015
18,Indiana,2009,6423113,45424,687,896,0.5080570745057731,0.49194292549422686,0.8566011527432259,0.08822700145552476,0.00213136527412798,0.01410422018108664,1.810648512644881e-4,0.02043510677766372,0.01832008871710648,0.3047512526203076,0.05000894302932598,0.06899177479782792,0.14199646571481037,0.07527645884656385,0.14463787885653234,0.05818692600656776,0.01352591451417887,0.00885145270568371,0.1440170218341116
19,Iowa,2009,3007857,48044,611,821,0.5068392546587155,0.4931607453412845,0.922563805393674,0.02540380077909288,0.00368368576032703,0.01521714629385639,1.4196153607036504e-4,0.01495250605331304,0.01803709418366631,0.291407882388635,0.03872589034159777,0.07784806580049342,0.14434420366127065,0.10177813384542456,0.17681131325858945,0.0514882904058111,0.01319604199511635,0.00935939627350639,0.1180318547715386
20,Kansas,2009,2818747,47817,671,883,0.5040814234126014,0.4959185765873986,0.8631845993982432,0.05577762033981765,0.00828488686639843,0.02186432482234127,5.981381088831314e-4,0.02123390286535116,0.02905652759896507,0.24114868876219284,0.04463603629300176,0.08170126485997654,0.16375851688230422,0.07150698652444869,0.19251719406938655,0.07505967207170157,0.01664405816520679,0.0104104133983839,0.1335803431423673
21,Kentucky,2009,4314113,40072,613,737,0.5105547768452054,0.4894452231547945,0.8876765629458477,0.0749143566707687,0.00238032707998144,0.00977141767032991,2.874287252095622e-4,0.00859782764151054,0.01637207926635208,0.2701710229577181,0.07110682010041938,0.06402665245906539,0.13651322248763004,0.06529449319908401,0.12465953714776844,0.06132519246121321,0.01628765248930172,0.00749374507573506,0.18561905175827004
22,Louisiana,2009,4492076,42492,715,694,0.5143140944187053,0.4856859055812947,0.6366722201494365,0.31965420887803325,0.00495004982106268,0.01491003268867223,3.768858763743089e-4,0.00956283909711233,0.01387376348930873,0.29256157893937446,0.05069777267812982,0.05527123177209545,0.16092576560305868,0.0482144558450112,0.14474485421128283,0.04578567947055713,0.0159969236419771,0.00753728427177441,0.17296767107706065
23,Maine,2009,1318301,45734,722,952,0.5123852595120538,0.48761474048794623,0.9492900331563126,0.01332245063911807,0.00520746020825289,0.00930743434162607,1.046801906393153e-4,0.00293256244211299,0.01983537902193808,0.29005927740593507,0.05291722028642998,0.06184504845006287,0.13971759175673237,0.08793445862744102,0.17306451107221507,0.06722898938671723,0.01851513503637403,0.01068571731282967,0.1230671853098279
24,Maryland,2009,5699478,69272,1108,1689,0.5147532809144978,0.4852467190855022,0.6021874283925651,0.29000147031008805,0.00283289101212426,0.05090080179272558,4.342502945006543e-4,0.03097336282375333,0.02266979537424304,0.23654416483070584,0.03042125854357026,0.0600602095088683,0.13667816561380336,0.06163140752958537,0.1970585656360271,0.10736783122800173,0.02956732940310011,0.02286808019192472,0.09088963142360888
25,Massachusetts,2009,6593587,64081,988,1694,0.5140763290148442,0.4859236709851557,0.8242102515671667,0.063178206338977555,0.00149948730486152,0.04984904271377628,3.7900462980165425e-4,0.03759698628379363,0.02328702116162265,0.23458009172810268,0.0284439515460049,0.050238005364724433,0.1166697287239906,0.07749165171825954,0.21840997941184004,0.11390942323088246,0.02706680518300525,0.02288726395713565,0.10289659064113152
26,Michigan,2009,9969727,45255,716,1002,0.5081937549543734,0.49180624504562664,0.7991127540403062,0.1392716169660413,0.00500224329111519,0.02426014273008679,2.7011772739614636e-4,0.01227164996594189,0.01981147527911245,0.2713737240325289,0.03918489028094869,0.07912632313817242,0.16142855525575955,0.08207837883733655,0.1517762976659937,0.06910802090605483,0.01620407932225136,0.00877676937300703,0.16195007652730284
27,Minnesota,2009,5266215,55616,757,1204,0.5033729158418333,0.4966270841581667,0.8737911384172503,0.0442606312123603,0.0104633023908063,0.03722654696019817,5.70238776806492e-4,0.01388758339718374,0.01980055884539465,0.24723584994691855,0.03162827334313783,0.0669241998271447,0.1565720150549904,0.09744580917704988,0.2119734848126287,0.07145928477608413,0.02030260863479027,0.01123674147405463,0.10968280382884366
28,Mississippi,2009,2951996,36646,644,654,0.5139011028470228,0.4860988971529771,0.5956247908194997,0.3712925085264343,0.00458571082074637,0.00780692114758963,1.1585381552007523e-4,0.0081582088864619,0.01241600598374794,0.246957170465983,0.05993958824393229,0.06021560008189244,0.1700249000194012,0.0707329909714652,0.12542835429415466,0.04823883009568767,0.01397584601647924,0.00833073399854866,0.2192017441768612
29,Missouri,2009,5987580,45229,668,884,0.510910417898383,0.489089582101617,0.8386291289636214,0.11175750470139856,0.00313599150240998,0.01450235320446658,6.361501641731718e-4,0.0101486744227217,0.02119019704120863,0.27248292466456414,0.04734268957547553,0.07571003558697302,0.15354726241820776,0.06632131467335359,0.1573821134188989,0.06938626733596495,0.01586167274423573,0.00956718587264316,0.14591441393985194
30,Montana,2009,974989,42322,627,783,0.501946175803009,0.49805382419699096,0.8940808562968403,0.00301952124588072,0.06739665780844707,0.00538467613480767,2.861570745926364e-4,0.00753854658873074,0.02229358485070088,0.2653245544273675,0.04940292342500631,0.06287490675494892,0.17793929978360984,0.07909954564229657,0.19057284827411888,0.05779497802191027,0.01553108065619856,0.00987472797104933,0.1511391867344793
31,Nebraska,2009,1796622,47357,644,904,0.5041294162044103,0.49587058379558974,0.8814926011147587,0.04274299212633487,0.00933641021873271,0.01664957904333799,5.315531035465445e-4,0.02832203991713337,0.0209248244761558,0.25154479158537324,0.03424381953296394,0.07953053597287618,0.1658212151955811,0.09328061184672616,0.1859290861319945,0.06079012859533658,0.01628296176825091,0.01054689871057811,0.12347705499476516
32,Nevada,2009,2643085,53341,993,1471,0.4905653809847205,0.5094346190152795,0.7616573057620167,0.07669068531659028,0.01174347400859223,0.06611743474008593,0.00528662528825217,0.04517410525957356,0.0333303696248891,0.2522845509214871,0.03498879495254996,0.07124535437517612,0.18686015070832215,0.07599585473999834,0.14216610086915063,0.05296547526123412,0.01519176456497047,0.00748391860153601,0.12351528633071664
33,New Hampshire,2009,1324575,60567,918,1495,0.50643866900704,0.49356133099296,0.9451680727780608,0.01256327501273993,0.00243247834210973,0.01890115697487873,1.0191948360794972e-4,0.00808259252967933,0.01275050487892342,0.25689589663549145,0.04260329859861069,0.06510240410657693,0.1322308465162443,0.09600253448640649,0.20804500042647608,0.08357491080003589,0.0175807839848817,0.01079261409896682,0.08501792014248927
34,New Jersey,2009,8707740,68342,1108,1922,0.5099263413928298,0.49007365860717017,0.7068284078302751,0.1365269289161137,0.0026329449432344,0.07774945048887541,1.9143888081178353e-4,0.0545891356425433,0.02148169329814624,0.2682159185084861,0.02549878058734337,0.05197431054330498,0.12169894105331108,0.06173164386851003,0.2156004891875132,0.09268027274473008,0.02375356925014165,0.01299137622428116,0.0936682702000666
35,New Mexico,2009,2009671,43028,680,763,0.5078726816478916,0.4921273183521084,0.7248290889404285,0.02160204331952842,0.0937566397683999,0.01406349596525998,6.503552073946432e-4,0.11474067148304376,0.03035770531594474,0.21880751711957364,0.0450407461345397,0.06150962104545595,0.17518049143246678,0.07425247110587797,0.1491556409382456,0.07080221857280079,0.01724971338270381,0.0162008490069098,0.1796646271133563
36,New York,2009,19541453,54659,984,1352,0.5139965794764596,0.4860034205235404,0.6735854288828983,0.15704497511009033,0.00328691013917951,0.07030787321700183,3.168136985514844e-4,0.07541603994339623,0.0200419590088823,0.23876922046416443,0.03718605918502686,0.04687024527270236,0.11631290485271636,0.08341246512947406,0.184445381329887,0.09878557824151923,0.02751626988120077,0.01321548984829729,0.1415655077004231
37,North Carolina,2009,9380884,43674,720,940,0.5117567811306483,0.48824321886935174,0.7045417041720162,0.21021505009549207,0.01068886471680067,0.01964367110818127,3.2790086733830204e-4,0.03402344597801231,0.02055936306215917,0.22935680469418543,0.04353646284450039,0.06602141344892327,0.15362017167765782,0.0853199879614591,0.1774735226081164,0.0618872705437684,0.01517825219052177,0.0109093179509701,0.16251346203826142
38,North Dakota,2009,646844,47827,564,714,0.4994419056217574,0.5005580943782426,0.901705820877986,0.01076302787070762,0.05728738304753542,0.00779786161732968,3.3392904626154067e-4,0.00606637767375132,0.01604559986642838,0.23579338872530903,0.03699262102590389,0.06552624363727395,0.18221893738004696,0.12265070869145396,0.19103317558143693,0.04927819566798193,0.0100206229809148,0.00724069283679235,0.11652634173135253
39,Ohio,2009,11542645,45395,670,975,0.512051094008349,0.48794890599165097,0.8398969213728742,0.11812379225038976,0.00173201203017159,0.01557086785567779,1.9917445264928447e-4,0.00675841629020038,0.01771881574803695,0.3142373540192299,0.03815969506669899,0.071321424159265,0.13835808366333485,0.07291931042646312,0.15289387347273603,0.06362921388389356,0.01594397150399542,0.00876995968648605,0.15233414160883438
40,Oklahoma,2009,3687050,41664,636,716,0.5067148533380345,0.49328514666196555,0.7535113437572043,0.07279857880961745,0.06056983225071534,0.01617824548080444,8.54341546765029e-4,0.02467365509011269,0.07141400306478078,0.2667180806998367,0.0513904719109822,0.07295449353180328,0.17037440944335264,0.06684792006674568,0.15346037059336085,0.05226097628601349,0.01400506482922504,0.00758756689188705,0.16209939749405544
41,Oregon,2009,3825657,48457,819,1246,0.5046058755398093,0.4953941244601908,0.8560529603150517,0.01782595773745529,0.012706575628709,0.03600662579002769,0.00358239120757558,0.03900088272419613,0.03482460659698452,0.20229874926453476,0.03920947828164395,0.0882921666090665,0.18701344287416335,0.08228126046177553,0.1872925524142202,0.07184596555277992,0.01957593905670253,0.01294302840809371,0.14261373412884198
42,Pennsylvania,2009,12604767,49520,738,979,0.5131921121588364,0.4868078878411636,0.8350523258383118,0.10514387136231872,0.00132973501215849,0.02467241163601041,2.3959189408261176e-4,0.01821215735284912,0.01534990690426883,0.3387611737442086,0.03774317344150683,0.05544913756123874,0.11085634290932664,0.0725318101137478,0.16194998962148685,0.07097265194996988,0.01852915967264067,0.01236918978949448,0.12466877644743572
44,Rhode Island,2009,1053209,54119,890,1542,0.5148341877063337,0.4851658122936663,0.8256433433440087,0.05997954821882456,0.00370391821566279,0.02956868010053085,7.216041640358181e-5,0.06288970185404796,0.01814264785052159,0.23298931613480256,0.04789082752789753,0.05441713890422253,0.12474338459818464,0.0822413058212741,0.1873135214830239,0.08097098097307721,0.02235576083234926,0.01398056081557929,0.11458283079001289
45,South Carolina,2009,4561242,42442,706,812,0.513477031036722,0.4865229689632779,0.6757350300641799,0.2792717422140724,0.00262932771381128,0.01257004122999832,5.956710913387187e-4,0.01437130500859195,0.01482688267800743,0.26138190123447796,0.04192647846395214,0.0587103178086021,0.1468291175567584,0.08392582070278436,0.15905234699186874,0.06153478268213543,0.01370103926926907,0.00903113369740932,0.17065045544809104
46,South Dakota,2009,812383,45043,562,769,0.5026459194739427,0.4973540805260573,0.8632689261099752,0.01049997353465052,0.08580066298777793,0.01010607065879025,7.26258427367387e-5,0.00952506391689634,0.02072667694917299,0.28349521605998823,0.0397796256843745,0.07139639123695202,0.15679716552508802,0.09649012286288076,0.1781492680915401,0.04777640330179674,0.01549339869730221,0.00971678158813063,0.14220192276981058
47,Tennessee,2009,6296254,41725,682,835,0.5119148623927815,0.4880851376072185,0.7911605853258143,0.1650546499553544,0.00207583747415526,0.01372863928297683,3.360728458540586e-4,0.01147936534961899,0.01616484976622607,0.2703388358197053,0.05918353203423009,0.06234798384570254,0.1482545555004927,0.06122631585942647,0.15107723797209263,0.0538948888395222,0.01539979417890865,0.00967349635730845,0.17132014555008793
48,Texas,2009,24782302,48259,788,1005,0.5010067668451462,0.49899323315485383,0.7375063462627484,0.11527367393069456,0.00561005188299295,0.03564757624211019,7.803552712738308e-4,0.08374928204813258,0.02143271436204756,0.207959648881946,0.0463167893723273,0.0634782659075509,0.16439004197295887,0.06145815818018967,0.1704667697421557,0.06019220577705762,0.01518856454459662,0.00915942309754148,0.1716662760624882
49,Utah,2009,2784572,55117,793,1200,0.49591211863079854,0.5040878813692015,0.8934676496064745,0.01163123093962016,0.01121249513390208,0.02038374299533285,0.00807341307748551,0.03337065804008659,0.02186081020709825,0.22191816697273484,0.02617248259733952,0.08268925532313869,0.19685744597404364,0.09130938055999983,0.1933543481066045,0.0644891649329161,0.01507520758921902,0.01193189077657405,0.1153337496115628
50,Vermont,2009,621760,51618,829,1183,0.5073484945959856,0.4926515054040144,0.9575141533710756,0.00827489706639217,0.00312660833762223,0.00971757591353576,6.111682964487906e-5,0.00331478383942357,0.01799086464230571,0.28296077634124045,0.03804147286730609,0.05297038894620937,0.12162648096398682,0.0837800805202558,0.1972722764481777,0.09765842583604983,0.02145326605293278,0.0141439258442758,0.11369709651408429
51,Virginia,2009,7882590,59330,989,1335,0.5088196899749955,0.4911803100250045,0.7044415604515775,0.1957144796316947,0.00317230757910788,0.04966438695910862,7.79819830791656e-4,0.02207028400563774,0.02415716154208198,0.21742565793655017,0.03693154379993652,0.06171539982722691,0.14393373101737772,0.06607332161159389,0.1988065638412692,0.1017886565385052,0.02442594422758735,0.01489078217745167,0.1052735824010695
53,Washington,2009,6664195,56548,911,1420,0.5005326224697807,0.4994673775302193,0.8016611158587046,0.03444286969393902,0.01320084421299196,0.06620919705980992,0.00446715619816046,0.03748809871259769,0.0425307182637963,0.20044738874388096,0.03969247872665173,0.08180883804226033,0.17189171338776174,0.09255309648214506,0.19927807725419208,0.07627541672187416,0.0207697884823943,0.01405220870073026,0.12314781467856868
54,West Virginia,2009,1819777,37435,552,490,0.5091145783247069,0.4908854216752932,0.9425446084877432,0.03095489172574441,0.00176889805728943,0.0062738456415264,8.132864631215803e-5,0.00182989454202355,0.01654653289936074,0.3477039708277984,0.062217995589991,0.05714972906214916,0.1281742926698435,0.06017913782504432,0.1052436700072709,0.04643405596613138,0.01311451544887704,0.00789750803635923,0.17691685468352486
55,Wisconsin,2009,5654774,49993,708,1109,0.5030300061505553,0.49696999384944474,0.883778379118246,0.06004254104584904,0.00856762799008413,0.02124152088129428,2.1503954004174173e-4,0.01053004063469203,0.01562485078979283,0.30542771587832596,0.03587462543092723,0.06694498380500503,0.14282698896443485,0.09000690121584749,0.17241980659581843,0.06073947218990785,0.01420783824996225,0.00928261382752702,0.12434994072794991
56,Wyoming,2009,544270,52664,700,869,0.48741066015029305,0.5125893398497069,0.9133077332941372,0.00946589009131497,0.02575743656641005,0.006704393040219,6.595990960368935e-4,0.01850735848016609,0.02559758943171587,0.25246421374226025,0.05659751597136537,0.08515625658739773,0.1938599129268985,0.0925566270275132,0.15878614812545497,0.05542548616751875,0.01403344079282054,0.00943245089138909,0.09838824714801636
72,Puerto Rico,2009,3967288,18314,419,241,0.5197439661552173,0.48025603384478266,0.7272275166310084,0.07092830165090107,0.00201875941449171,0.00317067981956439,1.537574282482139e-5,0.08630202798486018,0.11033733875634942,0.21848871915968637,0.03574407620553518,0.02018911912007943,0.11021507551318488,0.08576359069730885,0.16144822572237333,0.03614862144467343,0.01101865647058551,0.00588362890179067,0.44963928412811943
01,Alabama,2010,4785298,40474,667,772,0.5147129813023139,0.48528701869768615,0.6946852630703458,0.26392922656018497,0.00580277341139465,0.01103149688901297,1.2663788127719526e-4,0.01080246204102649,0.01362214014675784,0.2584275100497514,0.05414514089895338,0.05844876564160099,0.15991543310956974,0.07128910420016188,0.13913018449031336,0.0577171557614199,0.01331700785792661,0.00893747028724465,0.19033548533631028
02,Alaska,2010,713985,64576,981,1363,0.478369993767376,0.5216300062326239,0.6743082837874745,0.03460997079770583,0.146416241237561,0.05478826585992703,0.0106977037332717,0.00909823035497944,0.07008130422908045,0.20613568823974593,0.04699529714122114,0.07420929164160621,0.2214493860094945,0.08235218397743338,0.18497615279963248,0.06812820006347417,0.01627468778921249,0.00986956724377853,0.09942137303357242
04,Arizona,2010,6413737,46789,844,1119,0.5025209172125392,0.4974790827874607,0.7944476051949121,0.04116305361445285,0.0445556155483145,0.02713535026459613,0.00189904886963715,0.06436278880783543,0.02643653770025181,0.21034239278009473,0.0405034487182517,0.07702475041948433,0.18829697802476056,0.08125624885754124,0.1668505854453045,0.06497003201054896,0.01601082098352496,0.01117451271571671,0.17444664056195383
05,Arkansas,2010,2921606,38307,638,657,0.5102566875889494,0.4897433124110506,0.7837110821924653,0.1589574364236656,0.00637491845238543,0.011377304126566,0.00174219247906801,0.02101173121906239,0.01682533510678715,0.2882008229560774,0.05777624722442485,0.06845915072349905,0.15670915515191552,0.06341023495614825,0.13175216289070354,0.04528238188371291,0.01152951253033465,0.00629564525153926,0.188357763474726
06,California,2010,37349363,57708,1163,1790,0.5027892443573937,0.49721075564260625,0.6244538628409807,0.06014434570142468,0.00754786634513686,0.13121945346162933,0.00382689257645438,0.13081810792864124,0.04198947114573279,0.1866140049466328,0.02139410387928888,0.05796270936042361,0.1641297744136248,0.07601161130753781,0.19134484504423752,0.07264839898411433,0.02254378102020151,0.01438055043739521,0.15803525840690494
08,Colorado,2010,5049071,54046,863,1327,0.49864796910164266,0.5013520308983573,0.8334929336505666,0.03923830740348075,0.00982517377949329,0.02649913221659984,9.748327959737544e-4,0.0558570081506083,0.03411261200327743,0.1891278513361448,0.03903192414766026,0.06644110881914157,0.15991520547348367,0.07834419306229333,0.23408788042228995,0.09397739513738546,0.02097387505277122,0.01490725035268453,0.13371751079916452
09,Connecticut,2010,3577073,64032,992,1704,0.5138712573100969,0.4861287426899032,0.7821914733079253,0.09976872152175816,0.00157503075838821,0.03755528612359882,3.681781165774364e-4,0.05310515049595018,0.02543615967580197,0.25019809947736243,0.03226279513125092,0.05613085533377451,0.12108489091486424,0.07108454175041479,0.202100491171685,0.10895081012314003,0.02825972741347602,0.01613797007290964,0.10099432445037852
10,Delaware,2010,899769,55847,952,1242,0.5147554538998342,0.4852445461001657,0.7069058836212405,0.2129724407042252,0.00274514903269616,0.0305433950269458,0.00132367307608952,0.01984064798853928,0.02566881055026345,0.2910421303008261,0.03546562046942386,0.06214764497427506,0.13766792780706383,0.07221623924937456,0.16545185500824763,0.07652397969968991,0.0200939114050258,0.01601587272524505,0.11829408192185709
11,District of Columbia,2010,604453,60903,1198,1869,0.5272932717680283,0.47270672823197174,0.4018592016252711,0.5115716192987709,0.0031880063462337,0.03565537767204398,3.854724850401934e-4,0.02783508395193671,0.01950523862070334,0.17203663896512678,0.03085235015258238,0.02965280310154885,0.1087797247759246,0.03199671803926837,0.23168771471892213,0.15283908796038617,0.08073911291096482,0.03572251117977852,0.1916497505048577
12,Florida,2010,18843326,44409,947,1087,0.5110975631372083,0.4889024368627916,0.7648045254855751,0.1590683619229429,0.00360095664640095,0.02401805286391585,6.116223855597467e-4,0.02629737446563308,0.02159910622997235,0.25793108743101245,0.04156653357731052,0.0660059023433112,0.14572118344483928,0.08576008633054576,0.16608138498371858,0.06199548082961929,0.01947530120984044,0.0102443348064594,0.16528600318016348
13,Georgia,2010,9712587,46430,819,1106,0.5116899338971173,0.4883100661028828,0.6069768023699557,0.3064845648229457,0.00227076473034424,0.03254519110099091,2.6079560471375956e-4,0.03304341057639947,0.01841847079465028,0.24317185307707023,0.0494975401816306,0.05715643809768486,0.1523655294747614,0.06780878189717371,0.17538616430146595,0.0677985182875873,0.01905679673065546,0.01066757884496865,0.17878149734950258
15,Hawaii,2010,1363621,63030,1291,1618,0.49833054785750586,0.5016694521424941,0.24608230586064603,0.01491983476347166,0.00195068864442539,0.3893581867689042,0.0989138477626848,0.01109252497578139,0.2376826112240865,0.2612576165570573,0.02491671413529422,0.05296851535394335,0.1723316158320819,0.09240739302297482,0.1988978647748261,0.06193037646936979,0.02116453489375658,0.01314773099960299,0.10719835219806194
16,Idaho,2010,1571450,43490,683,923,0.4988666518183843,0.5011333481816157,0.9222202424512392,0.00564510483947946,0.01386681090712399,0.01191129211874383,0.00133316363867765,0.02173724903751312,0.02328613700722262,0.23342501586813105,0.05273584800608202,0.08508253958934188,0.18526182163107177,0.08270965926288862,0.16725364410236995,0.05099870524149422,0.01510079173622155,0.01054332278157454,0.15712970049161404
17,Illinois,2010,12843166,52972,848,1254,0.5099001289868869,0.49009987101311314,0.7245613737298109,0.14530256791822202,0.00230044523289662,0.04595237654017709,3.12072583971896e-4,0.06268026123776645,0.01889090275715505,0.24039596199373428,0.035559823203156433,0.066693819174222,0.14663299062742374,0.07196091739881183,0.1924959619701097,0.08301591752756574,0.02056247269885451,0.01150776504229625,0.13805691684517274
18,Indiana,2010,6490621,44613,683,867,0.5074240199820633,0.4925759800179367,0.8508551030787347,0.09044496666805842,0.00251439731267624,0.01585672618999014,1.850362238066281e-4,0.02031885700921375,0.01982491351752012,0.3107160200085205,0.04907893946708566,0.06715119729121816,0.1419888136502027,0.07469080083729766,0.14591547870607532,0.0588711328531528,0.01331694799609816,0.0086479307049651,0.15295697758823415
19,Iowa,2010,3049883,47961,629,819,0.5062502397632959,0.49374976023670414,0.9153124890364648,0.03121103334127899,0.00299913144209138,0.01696983130172534,1.6328495224243028e-4,0.01521205895439267,0.01813217097180449,0.2971698323496559,0.04023509189933549,0.0752180147960283,0.14316333834459835,0.1003460001931855,0.1708710932565875,0.05467100260800432,0.01466872400973853,0.00922188345960565,0.12558490786038204
20,Kansas,2010,2859169,48257,682,882,0.5043545869446682,0.49564541305533183,0.8522913475908559,0.05764577050184862,0.00903024620090662,0.02482259705529823,3.105797523686078e-4,0.02463443049361545,0.03126502840510652,0.23642228066677495,0.04137870711981055,0.08331753302174576,0.1589835501099865,0.0737998599431406,0.19252602705194435,0.07541176336366812,0.01800311949762071,0.01171414275477391,0.13602944488182592
21,Kentucky,2010,4346266,40062,613,741,0.5075098947004164,0.4924901052995836,0.8828500142421104,0.07743681587827345,0.0021169896182148,0.01101980412611653,5.268890583319107e-4,0.009609167961648,0.01644031911530495,0.2764890945087466,0.0668520184561886,0.06453156192866895,0.1377136011749356,0.06827694478160774,0.12397237909308968,0.05827869450984876,0.01576580920797931,0.00739811277342948,0.18982299971795524
22,Louisiana,2010,4544228,42505,736,705,0.5099246780751318,0.4900753219248682,0.6284728671184633,0.3202915874819661,0.00636257687774469,0.01572896430372771,9.65620563052734e-4,0.01282572089252563,0.01535266276251983,0.2899714756779491,0.05367311323813006,0.05501191992822584,0.15531956711464415,0.05131662336930528,0.14395362786401608,0.04644817368640626,0.01481479218454621,0.00894325584616215,0.186942583526096
23,Maine,2010,1327567,45815,707,949,0.5112193960832109,0.4887806039167891,0.953388416554494,0.01139000894116831,0.00517939960845667,0.0103030581507374,4.527078482667918e-4,0.00153212606218744,0.01775428283468932,0.2933147210180424,0.05075377742488372,0.06306736078649838,0.13774393979172136,0.09039139223106592,0.17326315295182357,0.06861903877636834,0.01659100077480166,0.00936592196061104,0.1293429604674976
24,Maryland,2010,5785982,68854,1131,1672,0.5161414259498215,0.4838585740501785,0.5890103011035983,0.2941424636302014,0.00327135480200249,0.05530003377127685,3.6674846205881733e-4,0.03027351277622364,0.02763558545463847,0.23021633809856476,0.0291345701558859,0.05995806348512989,0.13745258132622035,0.06318617344533616,0.19695937032235147,0.11019746098721717,0.02933077645545058,0.02413001868606837,0.0987168090554254
25,Massachusetts,2010,6557254,62072,1009,1650,0.5165404603817391,0.48345953961826094,0.8113377947537186,0.06760009601580173,0.00205589107879609,0.05386568828964076,1.651605992386447e-4,0.0374129170533885,0.0275624522094157,0.23246169793522975,0.02959049522998732,0.05023819786862135,0.11315194920359246,0.07571242939398928,0.22254534640621965,0.1178461584005734,0.02742359210728749,0.02216893052947163,0.1144912436207402
26,Michigan,2010,9877574,45413,730,969,0.5091142825151196,0.4908857174848804,0.7931915265833493,0.14024810140627647,0.00581053606887683,0.0244083213145252,2.2961103607019296e-4,0.01163301839095308,0.02447888519994889,0.2695541310916419,0.0397731986098209,0.07895505510745303,0.16338577074100114,0.08358670224562358,0.15582815978748824,0.07093350316090244,0.01567536063877734,0.00950074439088794,0.16758303181635403
27,Minnesota,2010,5310584,55459,764,1180,0.5037462923098477,0.4962537076901524,0.8611480394623265,0.05153482178231245,0.01078412468383891,0.03951241520706574,3.912940648335475e-4,0.0125530450135051,0.02407625978611768,0.24153934586813963,0.03157652172729994,0.06822405059272764,0.15837891032443563,0.1001387150463026,0.2154173242451453,0.07157855115053559,0.02012473583485256,0.01113490109112677,0.11553148847606567
28,Mississippi,2010,2970036,36851,672,650,0.514643930241923,0.485356069758077,0.5951214059358203,0.373484698501971,0.00420129587654829,0.00887329311833257,6.599246608458618e-5,0.00753559889509756,0.01071771520614565,0.2492404455772561,0.05712069800242175,0.05514370360101785,0.16957623531956947,0.08385921909508792,0.12442987472209184,0.0508783316162625,0.01165455265316324,0.00812116744013619,0.22391304196628592
29,Missouri,2010,5996231,44301,682,876,0.5109623028198881,0.489037697180112,0.8311002361316634,0.11728317338007824,0.00360926722135955,0.01557711835984971,7.933316778489688e-4,0.00953448924832949,0.02210238398087065,0.2726826035315265,0.04595857960991746,0.07376916917052566,0.1520860639888739,0.06817297217535721,0.16044572830739634,0.06847938278213303,0.0165808039401242,0.01041821158091561,0.1527316267240899
30,Montana,2010,990898,42666,642,794,0.4961792232903891,0.5038207767096109,0.8985132677631805,0.00487941241177194,0.06221124676808309,0.00554446572704758,5.974378795799366e-4,0.0041517895888376,0.02410237986149937,0.25609553133061497,0.04271032703669801,0.06396147124906383,0.18704157205863123,0.07944697392978994,0.1981656938384907,0.05726857190408825,0.01946647011971136,0.01317330210772833,0.14615623078685633
31,Nebraska,2010,1830429,48408,669,893,0.5047390529761056,0.4952609470238944,0.8888877962488575,0.04404978286510976,0.00929017186681373,0.01597876781891021,0.00123304427541303,0.01864808741557307,0.02191234950932268,0.24839852783610653,0.03508505301090276,0.07814137197636906,0.16558804234117627,0.09006914171899366,0.1961584931850362,0.06194216547236991,0.01649978596378355,0.01168544866128156,0.12944904924427109
32,Nevada,2010,2704642,51001,952,1366,0.4951280058506819,0.504871994149318,0.7286472664404383,0.0801555252044448,0.00991332679149403,0.07296714315609977,0.00601891119046439,0.06343205496328165,0.03886577225377703,0.2600470514604393,0.03686498689600062,0.07170765508261946,0.19048912284231057,0.07052242767654077,0.1433834582264617,0.04928333137751253,0.01655686129877677,0.00766290590266718,0.14926038620567586
33,New Hampshire,2010,1316759,61042,951,1492,0.5083770074858042,0.49162299251419583,0.9405092351751536,0.01173183551431962,0.00219326391541656,0.02135926164165196,2.255538029358447e-4,0.00792096351724195,0.0160598864332805,0.2605273449333796,0.03765883966488755,0.05812801912410287,0.13060902996954024,0.09995097796211531,0.20394159216969335,0.09251725410490716,0.0194490804236826,0.01180274413250271,0.08286451503743497
34,New Jersey,2010,8801624,67681,1114,1907,0.5132660745335179,0.4867339254664821,0.6934271448087308,0.13476422078470973,0.00215369345475335,0.08237991079827996,2.840384910784646e-4,0.0609376178759738,0.02605337378647395,0.2704767988230928,0.0244946158906591,0.04915017893437912,0.1208033155448488,0.06160407201321609,0.22139645855970888,0.09502614679452225,0.023453232542342,0.01405984755407221,0.1025661088985552
35,New Mexico,2010,2065932,42090,699,794,0.5057939951556972,0.4942060048443027,0.7335672229289251,0.01964633879527496,0.09444260508090296,0.01225742183188991,5.784314294952593e-4,0.11084198318240872,0.02866599675110313,0.22076910288229065,0.04368950496112438,0.0628682448526797,0.1858529861055714,0.07044729518261367,0.14164235620045493,0.07481087786814421,0.0159878747123189,0.0173678493494139,0.20439953060083488
36,New York,2010,19392283,54148,1020,1362,0.5159139333929894,0.48408606660701065,0.658801905892153,0.15548824241065376,0.00370209118751,0.07394049478341462,3.401868671161616e-4,0.08125324903725879,0.02647382982189358,0.24069400958666595,0.03640890253271085,0.04566852113179618,0.118478457503861,0.08189972870578788,0.18589451917241517,0.09986365005919091,0.02646845097055367,0.01320053525449646,0.14944377088540617
37,North Carolina,2010,9561558,43326,731,951,0.5129291690747471,0.487070830925253,0.6971910853858754,0.2144415167486303,0.01168805334862791,0.02214126609910226,4.605943926711525e-4,0.03119868121910676,0.02287880280598622,0.2329039314875172,0.04369215291273378,0.06466606203564836,0.15540987991534744,0.08627073926812877,0.17755063099733606,0.06104349280489615,0.01509148271766519,0.01084478504165836,0.17492532956714846
38,North Dakota,2010,674499,48670,583,684,0.490814663920925,0.509185336079075,0.9000131949787916,0.01275168680754159,0.04949451370572825,0.01138474630800045,6.286147199625204e-4,0.00530467799062711,0.02042256548934839,0.2335950657642241,0.0370270868232245,0.0664911749965007,0.1731678353569058,0.1170729614896624,0.1973468549213674,0.05541533279451671,0.01327024061623764,0.01007120506788637,0.13032398701288733
39,Ohio,2010,11536182,45090,685,963,0.5119600228221087,0.48803997717789127,0.8295630218039209,0.1223976875538198,0.00184905196537294,0.01711909538181696,1.2933221753956377e-4,0.00808837793994581,0.02085343313758399,0.3141036691690253,0.03805747269503651,0.06857069734170426,0.13652824967824134,0.07802833600294476,0.15678677306083827,0.06403324297625818,0.01553883517214233,0.00983039559509582,0.15848881186219757
40,Oklahoma,2010,3761702,42072,659,747,0.5065411880047914,0.4934588119952086,0.7348553925855903,0.07181111103431373,0.06958180100390728,0.01734108656134909,0.00112555433684007,0.02612354726663622,0.07916150721136336,0.26981442610340545,0.0506374904918437,0.07450270760444273,0.1704518961805282,0.06804185671070666,0.15376367837342036,0.05321178680661911,0.01345738406582032,0.00843291293978923,0.16908021143732577
41,Oregon,2010,3838957,46560,816,1228,0.5045047391778548,0.4954952608221452,0.849895948300541,0.01832997868952426,0.01301785875694882,0.03688137168506967,0.00332616385127522,0.04261079246264024,0.03593788625400076,0.20457488395287596,0.04527004236513561,0.0851891822435089,0.18701274166445497,0.07795865670625794,0.18285041871806265,0.07127958924404353,0.02015881380679693,0.01322007919274492,0.15836984279268884
42,Pennsylvania,2010,12709630,49288,763,968,0.512802103601757,0.4871978963982429,0.8255505471048331,0.1082827745575599,0.00160736386503777,0.02755658504614218,2.1700080962231e-4,0.01797597569716821,0.01880975291963653,0.33587457360509376,0.03921255983220466,0.05452990463474206,0.11027288927372222,0.07371630334926317,0.166984581671111,0.07264903789549164,0.01891036784204517,0.01222797122854767,0.13401008459661817
44,Rhode Island,2010,1052886,52254,868,1555,0.5173285616866403,0.4826714383133597,0.8144215043224052,0.05966647861211945,0.00301647091897888,0.02938494765815102,0.00104854656629492,0.06498709261971382,0.02747495930233662,0.22564047669015563,0.04618728159565283,0.05350721641062623,0.13313633220137497,0.07431064862481848,0.18055181913831253,0.08765188829528761,0.01968649776965234,0.01435253718771963,0.1404742145820984
45,South Carolina,2010,4636312,42018,728,838,0.5140458623147018,0.48595413768529816,0.6709639040685786,0.28082406878570726,0.00273385397704037,0.01157342301380925,3.5416080712428327e-4,0.01534128850689945,0.01820930084084074,0.26110500504658374,0.04392690894388648,0.05928719403764754,0.14654153697830147,0.08438089655820713,0.15754221126564028,0.06442160100469789,0.01382630579337402,0.00962412628071495,0.18152636983977044
46,South Dakota,2010,816463,45904,591,777,0.49640093917299377,0.5035990608270062,0.8596592864587862,0.01315797531547663,0.09014615481656854,0.00979958675408438,1.004332100781052e-4,0.00742225918382094,0.01971430426118513,0.2758617451101565,0.04050497859607535,0.06075746789411303,0.15636041241296145,0.10023310461156432,0.1855069414834169,0.05328722582971905,0.01539504751314383,0.00837936883310573,0.1443240897915065
47,Tennessee,2010,6356897,41461,697,836,0.5131225187383089,0.48687748126169106,0.7837581763555395,0.16773167789253152,0.00262769712959011,0.01463575703680585,3.2075397792350575e-4,0.01393698843948549,0.016988949168124,0.2750133120685953,0.06020590747057496,0.06164778305441436,0.14647706918103495,0.06201856453118064,0.14640965436707742,0.0583503500738145,0.01524470516743977,0.01108290112816098,0.17682724466999833
48,Texas,2010,25257114,48615,801,1016,0.5038340484981776,0.4961659515018224,0.741039534445622,0.11760025314056072,0.00511388593328596,0.03838522485189717,7.335754987683866e-4,0.07542876830662443,0.0216987578232414,0.20938907269421325,0.04633054448856025,0.0634387687338457,0.16469977850792683,0.0634385785248174,0.17332613835982247,0.06134127037566663,0.0146191489008264,0.01014397428576826,0.1790651876752809
49,Utah,2010,2776469,54744,796,1208,0.49653714844286034,0.5034628515571397,0.8882793216852052,0.01033723048951744,0.01248456222633856,0.01867335813942097,0.0093690943424904,0.03726891962417012,0.02358751349285729,0.21700327607355768,0.02761883969450235,0.0779032876836797,0.19959945079075023,0.09033873792925902,0.19915586841188673,0.06631525014765047,0.01566167599682993,0.01236414895281747,0.1315819932487869
50,Vermont,2010,625960,49406,823,1155,0.5076810019809572,0.4923189980190428,0.9542542654482714,0.01048629305386925,0.00246341619272797,0.01248162821905553,2.971435874496773e-4,0.00353856476452169,0.01647868873410441,0.27499176414363335,0.03989402424821711,0.06073422079518933,0.11543422682708414,0.08303135193322228,0.2033166141582491,0.0955405737723934,0.02120211023519749,0.01594276195823145,0.12707331280685696
51,Virginia,2010,8024617,60674,1019,1326,0.5087669604667737,0.49123303953322633,0.6946043655416826,0.19558528463102975,0.00305023903321491,0.0545824180767755,8.360523623744286e-4,0.02401348251262334,0.02732815784229951,0.2191395334826379,0.03526625347093923,0.05733515055394204,0.1438149061207345,0.06745284400185701,0.20065763888280105,0.1033073875165748,0.02338947207030532,0.01502844179052808,0.11078388846154588
53,Washington,2010,6744496,55631,908,1394,0.5020498195862226,0.4979501804137774,0.7870264879688564,0.03545290856425743,0.01478776175417703,0.07191478799898465,0.00591430404881254,0.03994041956582078,0.04496333009909117,0.19999525041520028,0.0380561591794493,0.08017232558980855,0.17489080948682956,0.09439733206500184,0.19927926160380163,0.07844050268362639,0.01930950358626943,0.01352211231347614,0.13433018103901467
54,West Virginia,2010,1853973,38218,571,491,0.5074577677236939,0.49254223227630606,0.9388054734346184,0.03101932983921556,0.00166884846758825,0.00584582407618665,3.7810690878454e-4,0.00277889699580306,0.01950352027780339,0.34825491003261644,0.06769198924577544,0.05890339966031974,0.12421268402243836,0.05796190298181807,0.10878573188429864,0.04718836961970176,0.01129873249368409,0.00793127923833768,0.18139680881797376
55,Wisconsin,2010,5691047,49001,715,1090,0.5033955966274747,0.4966044033725253,0.8701130038110738,0.06157707008921205,0.00838211316827993,0.02267298091194819,2.3844470094870065e-4,0.01578918606716831,0.02122720125136903,0.29687247963644925,0.03607430475792011,0.06995535872873027,0.14153532817847037,0.09328065321244798,0.17363178384835914,0.06543097312182344,0.01468543889355957,0.00974529608885626,0.13213602434913235
56,Wyoming,2010,564460,53512,693,858,0.4914555504375864,0.5085444495624136,0.9099369308719838,0.00817064096658753,0.02583176841583106,0.00673741274846756,6.147468376855756e-4,0.02192538000921234,0.02678312015023208,0.2484937363694935,0.05338710503543595,0.08456103366751944,0.18824858269690609,0.10690630298880444,0.15698030198058505,0.06080587463034201,0.01185062178023512,0.01156486975368714,0.1117306575700392
72,Puerto Rico,2010,3722133,18862,429,260,0.5203648015801692,0.4796351984198308,0.6779400413687529,0.07574017371222361,0.00173825062135071,0.0035592494948461,0,0.10726054120043534,0.13376174360239143,0.22166946906111537,0.03343322700458458,0.0181092897024172,0.1118725952817521,0.08678601826716724,0.1594947591610895,0.04266947192417952,0.01269032730140253,0.00781861916052505,0.4503291206004996
01,Alabama,2011,4802740,41415,687,774,0.5160235615502817,0.4839764384497182,0.6908785401666548,0.26674252614132765,0.00508209896850547,0.01129750933841932,3.995635824550153e-4,0.0121803387233121,0.01341942307932555,0.2562959627043248,0.05232474746936968,0.06065745966744314,0.1614442240371203,0.07396061104677054,0.13889043737735188,0.05980968833207331,0.01350327176473609,0.01031919671238848,0.19040193814731224
02,Alaska,2011,722718,67825,1049,1346,0.4840089772220977,0.5159910227779023,0.6678925943452356,0.03202217185679615,0.14153930025265732,0.05253916465343328,0.01077183631789992,0.01189814007676576,0.08333679249721192,0.229185180645359,0.0518033892072442,0.07821180137547006,0.22036194737141632,0.0744207222312208,0.16887594065604056,0.06406529761722358,0.01751075817205195,0.01321843357512772,0.10455394278923692
04,Arizona,2011,6482505,46709,850,1056,0.501965058260657,0.49803494173934304,0.7930617870715102,0.04102426453971111,0.0447067915875113,0.02735007531810619,0.00184203483067116,0.06204314535816015,0.02997190129432989,0.2065454619714985,0.03960322215185469,0.0732053372618833,0.18922294069917456,0.08268310654648306,0.17086390343137847,0.06931288131737502,0.01524782705641567,0.01034093896238693,0.18993303662666583
05,Arkansas,2011,2937979,38758,639,674,0.5071952522465273,0.4928047477534727,0.78157400035875,0.15771521852266474,0.00570868614105138,0.01168898756594243,0.00247755344745486,0.02135651752446154,0.01947903643967502,0.2966435065479691,0.06005422380156291,0.06509531873335093,0.1545043883819665,0.05818278741624975,0.1311616026740392,0.04955833175107684,0.01293076611573267,0.00950588830967152,0.19458928126978925
06,California,2011,37691912,57287,1174,1740,0.5025274387778471,0.4974725612221529,0.6287394759915602,0.05979810734992696,0.00768326637290249,0.13187516197108812,0.00389722866804952,0.12571633405065788,0.04229042559581483,0.18874877924413935,0.0219786374270001,0.05723152207637153,0.16335668915301144,0.07660148932214994,0.19217176394967217,0.07330139840365717,0.02287857668375943,0.01464117468787269,0.1656330038621966
08,Colorado,2011,5116796,55387,900,1306,0.4979014211236876,0.5020985788763125,0.8439240102595452,0.03972075494117803,0.01009948413030341,0.02809570676649997,0.0011626416218274,0.04323154567819393,0.033765856602452,0.18524168145224384,0.03844614162860795,0.06435076801355648,0.16409156528336644,0.08308303639170905,0.23318178731796027,0.09782659396394187,0.02093135851162131,0.01504527191193011,0.13478163693532033
09,Connecticut,2011,3580709,65753,1021,1683,0.5130028717776284,0.4869971282223716,0.7783852304110722,0.1004502180992647,0.00208925103938912,0.03940029753883938,3.9545240900614934e-4,0.05454031589833186,0.02473923460409656,0.24463069305675048,0.03212931746524612,0.05270734817458496,0.12648487176623494,0.07327719692702063,0.20459105965751145,0.11250477110361916,0.02903040128816729,0.0155403998440519,0.10883569973172431
10,Delaware,2011,907135,58814,960,1231,0.5150468232402013,0.4849531767597987,0.7018580475893885,0.21374878050124843,0.00308002667739641,0.03299398656208833,2.4252178562176524e-5,0.02169688083912538,0.02659802565219068,0.2842191386307108,0.03148154208666055,0.0615001963607802,0.13457913339442334,0.06971134965309596,0.17115951040712135,0.08159117685560938,0.01835482392983374,0.01728793035737662,0.11880845874610275
11,District of Columbia,2011,617996,63124,1216,1874,0.527047100628483,0.47295289937151697,0.39887798626528326,0.5013705590327445,0.003165069029573,0.03642418397530081,0,0.03951481886614153,0.02064738283095683,0.151174167155076,0.02604720018866999,0.03227471098232153,0.11016879893336072,0.02780313874016079,0.23261982762847888,0.17310471885135467,0.07962200620649557,0.03948293213717803,0.18707865264641632
12,Florida,2011,19057542,44299,949,1048,0.5108944794664495,0.4891055205335504,0.7627372407207603,0.1598646876916236,0.0033276064667731,0.02430344899672791,6.582695711755482e-4,0.02688757028582175,0.02222117626711776,0.26243872187401757,0.04154088073779237,0.06340794150795084,0.14473037699939423,0.08863590129956621,0.16512279065792024,0.06353938973502404,0.01890080791668051,0.01090379625343911,0.17013973311361852
13,Georgia,2011,9815210,46007,833,1070,0.5100465502011674,0.48995344979883265,0.6074206257431068,0.30788205244717126,0.00254502960201564,0.0328919095974513,5.765541440274839e-4,0.02930227677247863,0.01938155169374878,0.24590483282429548,0.04719271525057771,0.05412428448995009,0.15376557249283995,0.0665646847396901,0.17746947556023884,0.06906573047447907,0.01803181221123415,0.01106711548858837,0.19138127075137448
15,Hawaii,2011,1374810,61821,1308,1582,0.49913078898175023,0.5008692110182498,0.2497450556804213,0.01911609604236221,0.00286730530036877,0.3810155585135401,0.09316705581134847,0.01292687716848146,0.24116205148347772,0.2613761186658606,0.02330678054138744,0.05240912303408578,0.17769650627134087,0.10026481833121877,0.19183469716193088,0.06751590187246145,0.02002316096015803,0.01149426510784322,0.1204966893106908
16,Idaho,2011,1584985,43341,689,920,0.4984722252891983,0.5015277747108017,0.9246043337949572,0.00529468733142585,0.01294081647460386,0.01319444663514165,8.119950661993647e-4,0.01825758603393723,0.02489613466373498,0.22477014602487833,0.05068705806942691,0.08250906395849608,0.18658934759529677,0.0890861927368147,0.17491536966929072,0.05543036275864832,0.01263646014862888,0.00950163251407167,0.16452484449209784
17,Illinois,2011,12869259,53234,859,1237,0.5097380509631518,0.4902619490368482,0.7248620919044367,0.14509802001809116,0.00200617611317015,0.04655396243093716,1.0707687210273722e-4,0.06089293874651214,0.02047973391474987,0.24110253196136824,0.03481936807400031,0.06487008334258423,0.14776111416345153,0.07310154530308176,0.19307593067763287,0.08363771334666559,0.02234684793891918,0.01119049803947431,0.14959639255906423
18,Indiana,2011,6516922,46438,707,860,0.5079839838500445,0.49201601614995544,0.8458015916102725,0.0903968161656684,0.00196672600961005,0.01575820609790941,1.2060908508648714e-4,0.0241100016234658,0.02184604940798739,0.30583539871962107,0.04894959627151853,0.0660384696456951,0.14307011300073624,0.07867776425527775,0.14761580360661447,0.06008823020031446,0.01225649219038416,0.01014767149677625,0.15999782875044588
19,Iowa,2011,3062309,49427,643,829,0.5061729564194861,0.49382704358051394,0.9146078988109952,0.02882073624836683,0.00392155069916197,0.01829991682746581,3.2981648814668933e-4,0.01413704495529353,0.01988303597056992,0.2905765141197148,0.03997926204653609,0.07258530357867819,0.14052183281282912,0.10452786872145386,0.1766233343412913,0.05597915549568099,0.01547897815756799,0.00995855862344187,0.1278390283175676
20,Kansas,2011,2871238,48964,709,894,0.5043294913204688,0.4956705086795313,0.8506891452397886,0.05839606469404487,0.00829955580136512,0.02341672825450206,5.71878750559863e-4,0.02500384851412526,0.03362277874561426,0.2329627977845617,0.04590155791228739,0.0793561233933051,0.16670644146571395,0.07399786403929823,0.1973663323783782,0.07623533146805724,0.0170083159926008,0.01072839715478804,0.13759847570110392
21,Kentucky,2011,4369356,41141,626,745,0.5093681997987805,0.4906318002012196,0.8782999142207685,0.07982366280065072,0.00221130985893573,0.01154037345549321,1.6684380947672837e-4,0.00959203141149405,0.0183658644431811,0.2686119048026417,0.07252758909781512,0.0683905076393998,0.14061833798141907,0.06966482454189266,0.12317997502010368,0.06263555015655209,0.01582972607661642,0.00915256557222783,0.19141642971929904
22,Louisiana,2011,4574836,41734,747,694,0.5112137353120418,0.4887862646879582,0.6284026356354632,0.3212958890766795,0.00630186524719137,0.01584406522987928,6.833031828900534e-4,0.01049655113319909,0.01697569049469751,0.2907428406885641,0.05399838599916508,0.05459884274996409,0.16200659526893904,0.0522616026913918,0.1397415916712444,0.04844794544556077,0.01494985933838075,0.00809355149816482,0.20434044180501193
23,Maine,2011,1328188,46033,747,950,0.5098013233066403,0.4901986766933597,0.9520444394919996,0.01023800847470388,0.0061346737058308,0.01016271792848602,1.008893319319253e-4,0.00244618984661809,0.01887308122042964,0.28429865352765993,0.04932856747268277,0.06237951401377346,0.1403711472334773,0.08897687836127388,0.17888422417369293,0.07379445050963516,0.01900190655645348,0.01218201513574533,0.14125188712112413
24,Maryland,2011,5828289,70004,1153,1647,0.51611665104458615,0.48388334895541385,0.5858151508959147,0.2961285893681662,0.00249301295800534,0.05658092795329813,3.3011403518253815e-4,0.03258194643402206,0.02607025835541099,0.23020147065996843,0.02795265264552027,0.05935300257402525,0.13950481362386952,0.062797124467235,0.20435319028198845,0.11189948455648696,0.02848308725713207,0.02413515790581248,0.10058848857391514
25,Massachusetts,2011,6587536,62859,1034,1655,0.5160870468108257,0.4839129531891742,0.8054526001831337,0.0684819027933965,0.00199771204286397,0.05555461101085444,1.302459675362685e-4,0.04287141656607265,0.02551151143614243,0.2302447686030891,0.02867983637668901,0.04957899160559816,0.11450122255471289,0.07769308545799601,0.22303915906716232,0.11746898300506792,0.02714253601916283,0.02384003902224054,0.11598819440038144
26,Michigan,2011,9876187,45981,739,947,0.5090537471597085,0.4909462528402915,0.7929075259510578,0.14055414301086036,0.00554049857500673,0.02452687459239077,2.1445523459610476e-4,0.01065644058785035,0.02560006204823784,0.2681408807459985,0.03970736715437795,0.07850964828080707,0.16098783241382786,0.08438686379115538,0.15749104020992288,0.07189096953944585,0.01702026190575934,0.00984939417065705,0.17535712584375318
27,Minnesota,2011,5344861,56954,787,1176,0.502985952300724,0.497014047699276,0.8565002906530217,0.05222624124369184,0.01138327077168143,0.04046316639478557,1.4275394626726495e-4,0.01403179614960987,0.02525248084094235,0.2385876099225989,0.03052122261255262,0.06563832126535575,0.15840284250650347,0.1033565200638845,0.21830453316543105,0.07256766104031087,0.02128200930071632,0.01160750067189938,0.11909302647975437
28,Mississippi,2011,2978512,36919,689,643,0.5143098298747831,0.48569017012521687,0.594439773954243,0.37446852656628543,0.00396674581133129,0.00909078089999301,3.6259716261005496e-5,0.00646799475711361,0.01152991829477269,0.24645215056349423,0.05587993567235563,0.05872720770760618,0.1685390556216631,0.08322545835537887,0.12585611604071295,0.04987849687458828,0.01347827268981987,0.00926226062734092,0.22554629249206457
29,Missouri,2011,6010688,45247,708,898,0.5099136737757808,0.49008632622421927,0.8304390445819181,0.11452582466433128,0.00371438344495671,0.01600266059392868,9.46979780018527e-4,0.01022511898804263,0.02414598794680409,0.26928214014330354,0.04520108747443592,0.07262544049550038,0.15646315354614157,0.07143797988002656,0.16370541596795254,0.06942104309933207,0.01686717953656106,0.0106943800682241,0.15778329186337034
30,Montana,2011,998199,44222,650,809,0.49878631415178737,0.5012136858482126,0.8929021167121987,0.0043127672938963,0.06676424240056342,0.00572430948137595,9.697465134707608e-4,0.0051582900804348604,0.02416852751806002,0.25375114695335205,0.05165833570973695,0.06879208266042941,0.1824959773520116,0.08401239374520718,0.19643524681845115,0.05729078167179625,0.01540500566642976,0.01296112696201054,0.1478955878955879
31,Nebraska,2011,1842641,50296,673,909,0.5047890500645541,0.4952109499354459,0.8818239689662827,0.04542013338463651,0.00976044709739987,0.01873235209680019,3.760906221016465e-4,0.0219755231757027,0.02191148465707644,0.2577902403788274,0.03250280910148882,0.07588837834584053,0.1686096285297698,0.09576945971614698,0.1887967013122517,0.06179270837513544,0.01659710796313389,0.01215772436026057,0.13117603498623745
32,Nevada,2011,2723322,48927,936,1260,0.49592813482944725,0.5040718651705527,0.715472867328946,0.08172041352436472,0.01204594976282643,0.07149172958614515,0.00600736894131505,0.07439553604017446,0.03886613481622812,0.2523313601625657,0.03944316826434598,0.07019315722047975,0.18154404293855192,0.07161284622520651,0.14879456200026506,0.05019547643238945,0.01761331006758846,0.00807030525246278,0.15896266617396823
33,New Hampshire,2011,1318194,62647,939,1513,0.506096978138271,0.493903021861729,0.941339438656222,0.01111748346601486,0.00163405386460566,0.02200131391889206,8.875780044515451e-5,0.00664242137348523,0.01717653092033494,0.25484928468060297,0.03800124041929235,0.05947230769399053,0.1324481217054781,0.0948691051370204,0.20974243251254912,0.0924167065008253,0.01603356788998553,0.01577213913260344,0.0881193134644341
34,New Jersey,2011,8821155,67458,1135,1918,0.5127007744450698,0.48729922555493016,0.6920344331326227,0.13409865261408513,0.00239231710586652,0.0847530737188044,3.81469320060695e-4,0.06176095987430217,0.02457909423425844,0.2687623665338632,0.02554752487795633,0.04963850293099655,0.12315747909149184,0.06133417757314251,0.2202015350531333,0.09483159031231488,0.023144872117487,0.01470119722953003,0.103783611743151
35,New Mexico,2011,2082224,41963,729,785,0.5021870845787966,0.4978129154212035,0.7169209460653608,0.02130654530924626,0.09164479902258356,0.01231231606205672,5.623794558126311e-4,0.1264133926032934,0.03083962148164654,0.2234264716959118,0.042141182968957,0.05890032831531267,0.17715144005328662,0.07471647174021885,0.14438710782713748,0.07574956468313807,0.01609306254827623,0.01927061718257314,0.21537700792644415
36,New York,2011,19465197,55246,1058,1368,0.5151342675853731,0.484865732414627,0.6529798799364835,0.15597576536214866,0.00347959488927854,0.07437684807402668,2.8574075053029263e-4,0.08583935728983375,0.02706281369769851,0.23882957217406903,0.03663872140184383,0.04597875509255246,0.11695041804241102,0.08273643658018091,0.18696706639276045,0.1017473190791368,0.02704538607624477,0.01351469922344068,0.15972011038910747
37,North Carolina,2011,9656401,43916,745,943,0.5145351772363224,0.4854648227636777,0.7009364047744082,0.21659808866678176,0.0115605182510544,0.0218847580998345,4.2790269376758485e-4,0.02737790197403774,0.02121442554011582,0.2306847391073822,0.04203812976835016,0.06400439919198132,0.15418142791533587,0.08731267844566258,0.1775925299994984,0.06521764608538014,0.01485555501904332,0.0114978739270211,0.17871005075328317
38,North Dakota,2011,683932,51704,626,727,0.4971078996157513,0.5028921003842487,0.8982281864278905,0.01002585052315142,0.05631407800775515,0.01033728499324494,2.149336483743998e-4,0.00637782703543627,0.01850183936414731,0.23512256077831953,0.03418313269142799,0.06743353155786631,0.17627107297861183,0.1311026565062647,0.19327449820928497,0.04697809860647781,0.01361166586707427,0.00922023005946736,0.1224607213315306
39,Ohio,2011,11544951,45749,692,955,0.5113424041383978,0.4886575958616022,0.8286606846577348,0.12096049606447008,0.00169675904211286,0.01687438950585412,1.7159016092835734e-4,0.00858713042610575,0.02304895014279402,0.31031859140694645,0.03755247614087376,0.06851088287929287,0.14227454164513767,0.07779153970791443,0.15445354871112454,0.06629337395325165,0.01552372388710319,0.01030140261569011,0.16430375061720726
40,Oklahoma,2011,3791508,43225,675,756,0.5047239779000862,0.4952760220999138,0.7364072553717412,0.07263389659206838,0.06876762491335901,0.01727887690069492,0.00142238919184662,0.02393137506237623,0.07955858196791356,0.26583875885105923,0.04801238945794502,0.0728986277314559,0.16818551463715314,0.06996649921674909,0.16046478286859367,0.05510943643193979,0.01313099486634515,0.0094634042822036,0.1721421807028359
41,Oregon,2011,3871859,46816,840,1192,0.5056338570180371,0.4943661429819629,0.8469722167052054,0.01809647510407791,0.01343695625279742,0.03949239887092996,0.00389993540570563,0.04331743485493661,0.03478458280634702,0.206421844905046,0.04409256966810523,0.08373255130722933,0.1843475801530123,0.08156259523570056,0.18387986179432944,0.07586376653556437,0.02020376942430184,0.01339595289391754,0.17455082252894075
42,Pennsylvania,2011,12742886,50228,786,980,0.5121326518969094,0.4878673481030906,0.8228834504208858,0.10772167309665956,0.0013587973713333,0.02810729060905041,1.5765659364762425e-4,0.02036728571533952,0.01940384619308373,0.3353389023821368,0.03994797018900684,0.05389801858682948,0.11172328953717682,0.07560766952004393,0.16560065226609105,0.07385479046640353,0.01813412192808663,0.01204661109093339,0.13756636416595408
44,Rhode Island,2011,1051302,53636,875,1522,0.5164129812366,0.4835870187634,0.8170820563453698,0.06030331912238348,0.0041567503914194,0.0316131806084265,1.7882587496266533e-4,0.05931311839985085,0.02735274925758726,0.21956825118705653,0.04433034849339994,0.05312621969882038,0.1358368923969416,0.08351514743087554,0.18820075645896336,0.08938935734683391,0.02127014345764082,0.01255710647426663,0.14735415237127714
45,South Carolina,2011,4679230,42367,741,823,0.5139623399576426,0.4860376600423574,0.6700281883985185,0.2789119149945611,0.00283038021212891,0.01353983454542734,4.363965866178837e-4,0.01621805297025365,0.01803523229249256,0.2653157080525132,0.0418693651118201,0.05861119576972685,0.14944710422525792,0.08557153567299741,0.15642629620913723,0.0610091778512486,0.01436345936965123,0.00889140507154403,0.18882365150988323
46,South Dakota,2011,824082,48321,612,791,0.5018638921854864,0.4981361078145136,0.8590698498450396,0.01154860802687111,0.08680204154440942,0.00953181843554403,7.644870292034045e-5,0.00853191794020498,0.02443931550501042,0.2662466424101729,0.04794563866752978,0.06582178173619947,0.16498880183337425,0.09736080418461722,0.18221388870287283,0.05927959701481432,0.01122792919484809,0.01074056712575429,0.13924380277579282
47,Tennessee,2011,6403353,41693,715,832,0.51291909098249,0.48708090901751006,0.7792898501769308,0.16732842934006606,0.00292534239483595,0.01441213689140673,3.590306515976864e-4,0.01671483674256284,0.01897037380259998,0.27384435328679824,0.06051869507953629,0.0618231870774722,0.1497832522042701,0.06039620975448911,0.15265280859316058,0.05649600688525873,0.01519283754254385,0.01175649544801685,0.1828737604820712
48,Texas,2011,25674681,49392,813,1001,0.5037460445954518,0.49625395540454814,0.7458381664021454,0.11730603390943786,0.00501556377662491,0.03891452439078016,7.293566763302726e-4,0.068947692086223,0.02324866275845842,0.2098214482900161,0.04521272376664223,0.06053510829741544,0.16545696816756542,0.0654631954641392,0.17714518702450377,0.06190455364685356,0.01519597227664799,0.0100056045669164,0.18462506169946505
49,Utah,2011,2817222,55869,822,1177,0.49679542471271343,0.5032045752872866,0.8827380305847391,0.0115447060969991,0.01128594054710633,0.02011875528446107,0.00965809581211562,0.04003518359575497,0.02461928807882375,0.2113630655921545,0.02582136276720864,0.07923201058266839,0.1973446354375173,0.09222972048924948,0.200776667404337,0.06762240561756683,0.01630603704431243,0.012786976554515911,0.13526252966069893
50,Vermont,2011,626431,52776,849,1174,0.5076983738033398,0.4923016261966601,0.9518255003344342,0.00829141597398596,0.00341617831812282,0.01234453595048776,3.911045270748095e-4,0.00195871532539098,0.02177254957050337,0.267204568252303,0.03468982082217498,0.05683627361659443,0.12088751460938868,0.08390160404185418,0.21439680480016196,0.09954170232737916,0.02263189862234615,0.01748295187874437,0.11488833004011736
51,Virginia,2011,8096604,61882,1062,1302,0.508586686467561,0.49141331353243906,0.6935922764655403,0.1953228785797107,0.0030103979396794,0.056226289441845,6.279175812476441e-4,0.02148604526045735,0.02973419473151953,0.216959558164066,0.03929675775866587,0.05921871897400995,0.1414262894447598,0.07023361440189088,0.2050668002252879,0.10627488076792764,0.02457719764584475,0.01535419731588508,0.11534014184873932
53,Washington,2011,6830038,56835,930,1378,0.5010187351812684,0.4989812648187316,0.7843530299538597,0.03508984869483889,0.01342642603159748,0.07345669233465466,0.00590040641062319,0.04080182277170346,0.04697177380272262,0.1998433049862701,0.03851725761471877,0.07692913554184141,0.17022855828805789,0.09715025398031953,0.20183482835765212,0.0838307414584636,0.0198046177684553,0.01328787679783637,0.13896334016392525
54,West Virginia,2011,1855364,38482,599,508,0.5071188187331435,0.49288118126685654,0.9388535079908849,0.03027869463889565,0.00152746307463117,0.00619393283474294,6.791120233010881e-5,0.00239952914899717,0.02067896110951813,0.3507253140555,0.06576659831030492,0.05664820993387411,0.12034943648498916,0.06389439637520689,0.11660966869057132,0.04822059684839568,0.01234200640087529,0.00752975974309958,0.18577320674227735
55,Wisconsin,2011,5711767,50395,739,1086,0.503633113885773,0.496366886114227,0.8719709680034217,0.06242376483494512,0.00841508415872006,0.02286805466679575,2.5998959691458e-4,0.01361365055682418,0.02044848818237859,0.2955384401362123,0.03512500610094606,0.06710570858018783,0.14541184061170762,0.09563751689015922,0.1744659160045237,0.06511503839485218,0.01550279756108319,0.00965502445206979,0.13067183931006135
56,Wyoming,2011,568158,56322,759,894,0.4906064862239025,0.5093935137760975,0.9070276225979392,0.00893941474026591,0.02154506316904804,0.00850643658982184,3.537748302408837e-4,0.02610013411762221,0.02752755395506179,0.2526650124597985,0.05489233456156418,0.07957232007837958,0.18665736619028347,0.09871461736704223,0.1645731720304147,0.06130859832591425,0.01260622776937658,0.00870588485868245,0.11298469820354529
72,Puerto Rico,2011,3706690,18660,442,271,0.5224245890538459,0.47757541094615413,0.6851611545610774,0.07825930951873504,0.00222678454362247,0.00255996589949523,0,0.09753202992427204,0.1342607555527978,0.2347585343245284,0.03051669418849485,0.01705412080547899,0.10769731309200066,0.08818362072669904,0.17024982453555637,0.04176810864676501,0.01271979095687974,0.00834903816837629,0.4557649730807252
01,Alabama,2012,4822023,41574,689,725,0.5154956747406638,0.4845043252593362,0.6912806098187421,0.2646532378630297,0.00500536807891625,0.01216895896182992,2.816245380828752e-4,0.01088091035650389,0.01572929038289531,0.25757980786666196,0.05508489098174689,0.05903704022188116,0.16090372583144685,0.07432439589911162,0.14706824366300833,0.06041195820349035,0.01580018481788957,0.00950509807000522,0.1896257003963052
02,Alaska,2012,731449,67712,1120,1364,0.47898759858855505,0.521012401411445,0.6651878668232508,0.03582888212301883,0.14024491112845872,0.05850031922936527,0.01125300601955843,0.00929114675117472,0.07969386792517319,0.2282573601897571,0.05215306267407672,0.0744198160113992,0.202639293662854,0.0824095877260576,0.17124414004485636,0.07817793600433927,0.01839240282913683,0.01226662419230554,0.10117270908094934
04,Arizona,2012,6553255,47826,888,969,0.502432455321821,0.497567544678179,0.7880357166019024,0.04369477458148661,0.04423496415140262,0.02905273791421209,0.00183679713363816,0.06422792947931982,0.02891708013803827,0.2020280978884532,0.04050869251557775,0.07225618531075136,0.18465498132912697,0.08422428035839105,0.1718874402401235,0.07257647769026909,0.01800599187377817,0.01100184465983127,0.1866044457094706
05,Arkansas,2012,2949131,40112,640,647,0.5085789678383226,0.4914210321616775,0.7825868026886564,0.15671802981963162,0.00592886514705518,0.0133761436843599,0.001770352012169,0.01996011706499304,0.01965968958313483,0.29062030941087996,0.06125992750522986,0.06638257663197875,0.15837583398225694,0.06101010474088711,0.13806478155641122,0.05208214705994002,0.01145696430971456,0.00826210563142575,0.1982707048764126
06,California,2012,38041430,58328,1200,1682,0.5027060496937155,0.4972939503062845,0.621126624314596,0.05950677984502686,0.00750082212997776,0.1345994091179012,0.00385663735564094,0.12914588121424458,0.04426384602261271,0.1839577374847174,0.02217670662504564,0.05694468523212308,0.16361647865857104,0.07906029366519095,0.19633758712343904,0.07510606226430384,0.02298171767760364,0.01471893378893052,0.16956475071110397
08,Colorado,2012,5187582,56765,934,1281,0.4985390110459941,0.5014609889540059,0.8436826637150024,0.04207972037839595,0.00924303461612751,0.02835270844875319,0.00102321274150461,0.04232511408976282,0.03329354601045342,0.1798636379735091,0.03850372199936481,0.06074427213879826,0.16838178812734167,0.0836812637785972,0.2376055766413695,0.0995095588700636,0.02222284153938247,0.01544741503791092,0.13707482100763632
09,Connecticut,2012,3590347,67276,1019,1668,0.5126359652702093,0.48736403472979073,0.7812537339705605,0.1020374910837309,0.00323840564714218,0.04117429318113263,6.297441445074807e-4,0.04551732743381071,0.02614900453911558,0.24697291839064467,0.03057513126643118,0.05311113443651652,0.1230576514517217,0.07421913458948778,0.20481875753159712,0.11967356908808784,0.02981881855736707,0.0163744345962413,0.10688030290071288
10,Delaware,2012,917092,58415,960,1215,0.5151075355580466,0.4848924644419535,0.697088187444662,0.21475489918132531,0.00312727621656278,0.03340122910242375,1.570180527144496e-4,0.02535296349766435,0.0261184265046473,0.2798183675712725,0.03524826547173349,0.06230076364506346,0.14039009912513822,0.07166204341331885,0.18092277550386995,0.08406076830064725,0.01594537448352117,0.01439189669776855,0.1204697677656056
11,District of Columbia,2012,632323,66583,1235,1925,0.5270834684172487,0.4729165315827512,0.3964065833442718,0.4953544312005098,0.00357095977846765,0.03456777627889543,8.539939239913779e-5,0.04491533599125763,0.02509951401419844,0.157383665771015,0.02708796421640339,0.03590645483481256,0.10387208183268076,0.03204097094402897,0.22957197558306464,0.17629700749207677,0.08674018442385178,0.03702582980495118,0.1817801859396707
12,Florida,2012,19317568,45040,954,992,0.511273831157214,0.488726168842786,0.7631662536402097,0.1607758802764406,0.00266446583752157,0.02526467099792272,6.009555654210716e-4,0.02377944262963122,0.02374833105285303,0.2560280491037043,0.04168154216751839,0.06392240612920251,0.14359221925588506,0.0915893936697718,0.17253996242672498,0.06476150656554806,0.02016181138464753,0.01083773266782916,0.1712404280792592
13,Georgia,2012,9919945,47209,837,1039,0.5109798491826315,0.4890201508173685,0.604120889783159,0.3088088694040138,0.00243610221629252,0.03397347465132115,2.9052580432653607e-4,0.0300216382248087,0.02034849991607816,0.23306976222696452,0.04970847170087688,0.05705406663941217,0.1572912993739067,0.07074491890644329,0.17813645504461542,0.07317471179002343,0.01923424671267449,0.01167206290977379,0.1915063056611921
15,Hawaii,2012,1392313,66259,1379,1646,0.4963804834114168,0.5036195165885832,0.24940656303575415,0.01839600721964098,0.00226457700244126,0.38185594762097314,0.10443628695559116,0.01113183601675772,0.23250878214884152,0.2567634973290447,0.02603538241338428,0.05211696967596749,0.16797457893205892,0.10048084546473152,0.19593586346887107,0.06990163617671674,0.0236096278304408,0.01111121612213201,0.11589066215023046
16,Idaho,2012,1595728,45489,702,913,0.4994685811115679,0.5005314188884321,0.91392204686513,0.00548903071200104,0.01301224268797689,0.0129176150321358,0.00105657104468932,0.0288338614099646,0.02476863224810243,0.22630249628253157,0.05061878817440209,0.08699666069633664,0.18925024635016677,0.0901424387777872,0.1728104456420211,0.05619252240848511,0.01473855286309249,0.010895687736599831,0.1587302804004571
17,Illinois,2012,12875255,55137,868,1215,0.5093958915765163,0.4906041084234837,0.7268700309236594,0.14395334306000154,0.0020825995290967,0.04799314654350535,3.2861485073499517e-4,0.05680493318384762,0.02196733190915442,0.2343876166257443,0.03588115054571881,0.066126643684728,0.14770586623623727,0.07559842713340915,0.196795030199576,0.08779252461912432,0.02045976729472671,0.01127306737610404,0.1471774841343136
18,Indiana,2012,6537334,46974,715,834,0.507881194382909,0.492118805617091,0.8433105911369987,0.0915007555067555,0.00249260631321575,0.01648011253517106,4.319803760982688e-4,0.02409086028035281,0.02169309385140793,0.30111254059119713,0.05196561301909699,0.06614223833211223,0.14089711365768898,0.08123637952813136,0.15031976339962302,0.06073225993790526,0.01305742420152631,0.01008589734151759,0.1561430071756488
19,Iowa,2012,3074186,50957,661,817,0.5042242076439096,0.4957757923560904,0.9166481793879746,0.0298160228431201,0.00265208416146583,0.01838502940290535,7.351539562017392e-4,0.01225365023456615,0.01950988001376624,0.28416396128999954,0.03868545449100709,0.07782353694882604,0.14073980617508258,0.11118398541379376,0.1808209453837102,0.05768699254243878,0.01460142474716407,0.01018069281534104,0.12691844093839572
20,Kansas,2012,2885905,50241,711,892,0.5028883487155675,0.49711165128443247,0.8554973223304302,0.05801091858533112,0.00903945209561645,0.02488682059873765,7.84156096614407e-4,0.0200779304932075,0.03170339980006272,0.2319560074365723,0.0414432188507662,0.08020452720660533,0.1642711772712245,0.08043369986646802,0.1947693889730918,0.08043477327471094,0.01791411016603478,0.01078614272894724,0.13979481173232383
21,Kentucky,2012,4380415,41724,636,732,0.508051406088236,0.491948593911764,0.8776832788674133,0.07866469272888528,0.00185849970836096,0.01264651865177157,4.905927862999283e-4,0.00874711642618336,0.01990930083108564,0.2726890256760352,0.0682305096201244,0.06544832310836356,0.14135496945794884,0.07211541900914371,0.12910374213794698,0.06312671161361026,0.0158755302829777,0.00962642664985159,0.19382553236876995
22,Louisiana,2012,4601893,42944,747,689,0.5113124099147894,0.48868759008521057,0.6283296895429772,0.322310623041431,0.00555228033333239,0.01569267255887957,4.800198526997477e-4,0.01058194964550457,0.01705276502517551,0.2891118055082061,0.05345564182857409,0.05243056537190618,0.16236951644795375,0.05323712293433956,0.1440904275752884,0.05164695728238328,0.01511538762158647,0.00868654179714329,0.19949735436718405
23,Maine,2012,1329192,46709,744,933,0.5104439388741431,0.4895560611258569,0.9512004285310174,0.01024231262300705,0.00606834828978808,0.01084418202938326,1.1736453424335987e-4,0.00188761292574737,0.01963975106681352,0.29402006510970763,0.05366851915013141,0.06269158842977475,0.13536293435070332,0.09052846992187048,0.18104110063494108,0.06959853941375921,0.01699335914772385,0.01190686122846791,0.1467277226842485
24,Maryland,2012,5884563,71122,1170,1589,0.5158024478623137,0.48419755213768634,0.580789091730346,0.2924492438945764,0.00291797368810564,0.05769791231736324,4.4812163622005575e-4,0.03449347045821414,0.03120418627517455,0.23112381628519676,0.02945468872533285,0.05951988036660385,0.13799354755062454,0.0633694474130411,0.20037838593099175,0.11604615653798273,0.02900757401246433,0.02388740563953642,0.10284770765496055
25,Massachusetts,2012,6646144,65339,1036,1621,0.5155457059010458,0.48445429409895424,0.801050353407931,0.07124838101612002,0.00199062794907844,0.05736589517169655,1.3541686728424783e-4,0.04055614804614525,0.0276531775417445,0.23005046077027896,0.02933585040981133,0.05042126721867072,0.11769432049140052,0.07623673657318414,0.2220319979177498,0.11879952833346026,0.02907732482642245,0.02291506688416759,0.11888905621128266
26,Michigan,2012,9883360,46859,748,902,0.5091316111120104,0.4908683888879895,0.793295599876965,0.1404744945038934,0.00570210940408929,0.02510209078693885,1.8505852260769615e-4,0.00950607890434022,0.02573456800116559,0.26566141339594607,0.04006121113097714,0.07605416568872038,0.1628738964310322,0.08698284765273255,0.1604149090064398,0.07401052224899554,0.01568459714201048,0.01018272416719,0.17438119324155402
27,Minnesota,2012,5379139,58906,813,1130,0.5035002813647315,0.4964997186352686,0.8545408475222521,0.05338493762663504,0.01045334578637956,0.04218184359987723,4.3427024287715936e-4,0.01363842800864599,0.02536632721333284,0.23339509834634176,0.03103386411252785,0.06830588345075352,0.15428644746752335,0.10597670925786448,0.2242942014205953,0.07575601042451227,0.02002447272008229,0.01189559713214824,0.1138140727345974
28,Mississippi,2012,2984926,37095,666,625,0.516881825546094,0.4831181744539061,0.592556063366395,0.3764314425215232,0.00421819502393024,0.0080146040471355,1.336716555117279e-4,0.00764005539835828,0.01100596798714608,0.24210656245292808,0.06341214915730807,0.05539684764598571,0.17173875294984017,0.08377179952802558,0.1303991489397312,0.05541201526385379,0.01256767895696999,0.00822294096972334,0.24153530573629575
29,Missouri,2012,6021988,45321,706,861,0.5095322342057141,0.49046776579428586,0.82730138286559185,0.11485094291121138,0.00464962733236931,0.01696781860076772,7.439403731790897e-4,0.01176887101070277,0.02371741690617782,0.27008597436997983,0.04623871761919117,0.07568244781281432,0.15200188088350824,0.07149494698955498,0.16661227977346885,0.07073966091905316,0.01623430122120735,0.01052032226533132,0.1623485271003397
30,Montana,2012,1005141,45076,681,804,0.4991170393009538,0.5008829606990463,0.8918818354837779,0.00358656148739331,0.06481478717911218,0.00640905106845706,0.00117694930363003,0.00649262143321185,0.02563819404441765,0.2445796991714839,0.05277603855730448,0.0682906941188462,0.1844416616916872,0.08385631288495421,0.20219578607102817,0.0620571661546078,0.01896122428178284,0.01081293591741048,0.15521102515414126
31,Nebraska,2012,1855525,50723,692,918,0.5025133048598106,0.49748669514018945,0.8811263658533299,0.04606944126325434,0.0085248110373075,0.01976260088115223,6.612683741798143e-4,0.02304145726950593,0.02081405532127026,0.24262909848969433,0.03440113082355904,0.07925127681645991,0.16149118242649813,0.09753767478548488,0.1931000540223447,0.0694849980280187,0.01659612828815452,0.0105360143440925,0.12991975141373444
32,Nevada,2012,2758931,49760,944,1159,0.4955060492632835,0.5044939507367165,0.6967202151847944,0.08253051634854225,0.01138665664346082,0.07529583016030485,0.0066841106211065,0.08589993733079951,0.04148273371099168,0.24837801158508824,0.03931237035773387,0.0703308954158386,0.19211775021976027,0.07499231246488997,0.14823414873723406,0.05197045378731986,0.01511483493259417,0.00840521948320205,0.16436612698243375
33,New Hampshire,2012,1320718,63280,967,1466,0.5091397255129407,0.4908602744870593,0.9403256410528212,0.01250456191253545,0.00175737742652102,0.02252032606506461,1.446183061031954e-4,0.0044119940820069,0.01833548115494753,0.2534322299683764,0.04083345381967054,0.05912708464011184,0.1245701899045857,0.09460442251895078,0.21938007333541332,0.09474683193406118,0.01670212407447469,0.01474861476948699,0.10036194549021232
34,New Jersey,2012,8864590,69667,1148,1884,0.5125058237324005,0.4874941762675995,0.689448130144767,0.1362373217486652,0.00243372789942907,0.08744634551626189,2.939786273251216e-4,0.05900633870263599,0.02513415736091573,0.26204823260408716,0.02518484624468868,0.05024720003068097,0.1211782683500646,0.06163155987616525,0.2247528330307114,0.09875917288331049,0.02445666907794421,0.01441443645534265,0.10756766850294527
35,New Mexico,2012,2085538,42558,753,760,0.503784155455331,0.49621584454466905,0.719168387245881,0.02054290068078356,0.0924955575012299,0.01328865741118119,6.861538845132527e-4,0.12231616014668636,0.0315021831297248,0.21934016010820903,0.04554189057067035,0.05732432571508384,0.17862945020693508,0.08229767776936478,0.1488991641733991,0.07863312578565496,0.01635191460895518,0.01729359787698573,0.20845539222350787
36,New York,2012,19570261,56448,1079,1371,0.5152914925355364,0.48470850746446353,0.6523876201753263,0.15567549150213172,0.0037501799286172,0.07656239229512575,3.809862321202563e-4,0.08400751528045539,0.02723581458622345,0.23151234646512436,0.03746137890830647,0.04609323939024901,0.11940244456681078,0.08479461051178905,0.1901892904012326,0.10304925836008626,0.02698110056221145,0.0136527620593638,0.15867634519061624
37,North Carolina,2012,9752073,45150,756,903,0.5128167108675253,0.4871832891324747,0.6990760836183241,0.21614973554853417,0.01161599179989731,0.02335165046447047,5.709555291474951e-4,0.02624457384599151,0.02299100919363503,0.2272836043423279,0.0440162018329144,0.06411610193897178,0.15604518602261397,0.08660387251973571,0.18028922863478433,0.06719042546683815,0.01419902331058973,0.01195614774565273,0.18034880118345176
38,North Dakota,2012,699628,53585,644,708,0.4888840926892577,0.5111159073107423,0.8950356475155369,0.01458203502432721,0.05331547622450788,0.00962940305419451,0.00170090390893446,0.0055972602583087,0.02013927401419039,0.2429308326636151,0.03728074006778714,0.06544603235612705,0.1693870330899053,0.12278337817533806,0.1957375345050491,0.0549525664768161,0.01638553059156504,0.012185960375974,0.11217718847984448
39,Ohio,2012,11544225,46829,700,925,0.5112158676740968,0.4887841323259032,0.8269954890865346,0.12240839034235731,0.00187903475547297,0.0174007349995344,3.552425563431066e-4,0.00792153652583867,0.0230395717339189,0.30699088732621294,0.03884558385610798,0.06981544557798793,0.13927378120626208,0.08055666942402734,0.1596695851450497,0.06800004015074029,0.01499797444662756,0.00973024879560648,0.1625144444676019
40,Oklahoma,2012,3814820,44312,686,742,0.5046143723688142,0.49538562763118577,0.7354506896786742,0.07151582512412119,0.07288102715200193,0.01848763506535039,0.00102888209666511,0.02343701668755013,0.07719892419563702,0.26645456241236026,0.049641481095545,0.07200207762468964,0.16837483758506683,0.07251866967697117,0.1583666203542897,0.05708724094014125,0.01330475795350752,0.0089569423539552,0.17229426651634627
41,Oregon,2012,3899353,49161,862,1193,0.504330846681488,0.4956691533185121,0.8518313166312462,0.01787963285191158,0.01207020754468754,0.03832815341416897,0.00420967273288671,0.03558436489335538,0.04009665193174355,0.20416450206080455,0.04667239569843534,0.08499939366083632,0.1816603362861801,0.08199539481662357,0.1860675237258269,0.07952025846516844,0.02027942504075946,0.01335518150500866,0.1720571148113709
42,Pennsylvania,2012,12763536,51230,798,971,0.5119430070162375,0.4880569929837625,0.819272888014732,0.10968770723097424,0.0016696000230657,0.02891017034777823,5.590143671784998e-4,0.01924827101204556,0.02065234900422578,0.3278654712934673,0.03996920166321068,0.05518518801911808,0.10947376619644994,0.07865761369763109,0.16951247881957676,0.07600215935535454,0.01902614992125113,0.01360514928822243,0.13706517967208162
44,Rhode Island,2012,1050292,54554,878,1500,0.5174341992512559,0.48256580074874417,0.8168176088173574,0.06459156120393186,0.00457872667791433,0.03219485628758478,1.913753508548099e-4,0.05381741458565808,0.02780845707669867,0.23282570819252785,0.04591510815405934,0.04947133885838396,0.13106668669649613,0.0879272074814221,0.186590497156279,0.09109173334306746,0.02082353486243297,0.01562045906684394,0.13747057001392451
45,South Carolina,2012,4723723,43107,754,801,0.5139890717554776,0.4860109282445224,0.6702010257587077,0.276706953392483,0.00324256947327351,0.01269253087024789,3.679301263008013e-4,0.01673383473163011,0.02005515564735696,0.25287186002355616,0.04468913725530014,0.06096491450735115,0.1497536501908862,0.08928784471204614,0.1599293822597677,0.0673057885224596,0.01382846133539111,0.00992570160831776,0.18270164742684147
46,South Dakota,2012,833354,48362,651,778,0.49864883350892897,0.501351166491071,0.8538532244400339,0.01566561149283497,0.08796381849730127,0.01144411618591858,5.519863107394937e-4,0.00930576921692342,0.02121547385624836,0.281652127901935,0.04538923959933271,0.05863580578072064,0.1578803289410831,0.09915817245155174,0.181371396235844,0.05459202045960624,0.01375732143775767,0.01291586133913414,0.13408511643520532
47,Tennessee,2012,6456243,42764,730,807,0.5129123857326932,0.4870876142673069,0.7801075641050066,0.16910128692491902,0.00272511428085962,0.01488264924353064,4.0549898756908625e-4,0.01444462359920467,0.01833326285891036,0.26910602233658554,0.0614949061137934,0.06462025706144141,0.14797324922811694,0.06546818116935123,0.15687541465149213,0.05948705318815544,0.01598049843732452,0.01043590032729363,0.17937278847470312
48,Texas,2012,26059203,50740,831,988,0.503238145848129,0.496761854151871,0.7500678359196173,0.1189378278376357,0.00483671737773407,0.04036969204315266,8.418523007015986e-4,0.06136810861022879,0.02357796591092981,0.2065549551965821,0.04508638878942336,0.06198136113875097,0.1674024133304056,0.06588127095779786,0.17713403698596597,0.06568365502713512,0.0146459090421277,0.01001526566286234,0.17926362048898178
49,Utah,2012,2855287,57049,851,1156,0.49741374509812847,0.5025862549018715,0.8807899170906462,0.01113618350799762,0.01101395411389468,0.02191548520341387,0.00902361128671128,0.04174536570229192,0.02437548309504438,0.1992432988999808,0.03133912333557744,0.07945727106288479,0.1956127176962655,0.09709047817782476,0.20346059762327617,0.07298388202286553,0.01677110400984564,0.01416895393079414,0.12830165144938382
50,Vermont,2012,626011,52977,860,1159,0.5061045253198426,0.4938954746801574,0.9508650806455478,0.0102410341032346,0.00345840568296723,0.0131531235074144,0,0.00215491421077265,0.02012744185006334,0.2702277053808731,0.03445699256003017,0.04958983602637557,0.11450564205376276,0.0903073470851688,0.21869280925535925,0.09788756357081768,0.0233246273117706,0.01762049716287924,0.11815608424712978
51,Virginia,2012,8185867,61741,1068,1273,0.5095149970064259,0.49048500299357417,0.6915659636297535,0.19255846692842676,0.00281240826414599,0.05737559625632813,6.117861431171555e-4,0.02286257521652868,0.03221320356169969,0.2136337857049691,0.03929086177323432,0.05908044047648891,0.14060888328404875,0.07185046557837337,0.20569920683277,0.10842495393991317,0.02427932449808039,0.0161082233104913,0.11740158598385288
53,Washington,2012,6897012,57573,954,1356,0.5010260965183184,0.4989739034816816,0.7833699578890105,0.03604908908379455,0.01377625557270307,0.07388199411571272,0.00596722174762056,0.03701182483081079,0.04994365676034781,0.1983962492189281,0.03863784931914636,0.07892297204887191,0.17481159027856852,0.09647473158354568,0.20332752242373264,0.08008615844777037,0.01971110186512333,0.01361212210702046,0.13535742880661064
54,West Virginia,2012,1855413,40196,607,494,0.5086371605674855,0.49136283943251446,0.9367984378680112,0.03304170014977797,0.00142070795019761,0.00656080344376157,3.8643687416224854e-4,0.00237359552832711,0.01941831818576241,0.3389428028523354,0.06703744249541545,0.05713542884166885,0.13244396509491968,0.06306583623990415,0.1136066088515593,0.05119576361999412,0.01418298550919186,0.00747029203032554,0.17769668058569865
55,Wisconsin,2012,5726398,51059,743,1060,0.5035732759057264,0.4964267240942736,0.8674852848160397,0.06274747232029629,0.0091088673892384,0.02371735251374424,1.861554156731684e-4,0.01678943726929214,0.01996543027571607,0.2887036638238583,0.03510431558545679,0.06735172553364278,0.14454629660860835,0.10035468077433014,0.17850847264132097,0.06628197510748099,0.01595362944550966,0.01068997994380113,0.13230544968055677
56,Wyoming,2012,576412,54901,742,839,0.4921410380075363,0.5078589619924637,0.908721539454418,0.00992345752690783,0.02146901868802176,0.00977946330055585,1.3531987536692503e-4,0.01936288626884936,0.03060831488588024,0.2502769450467525,0.05326270140861338,0.0871208740438177,0.17886187398606612,0.0998970971958986,0.1690782323818324,0.0550293745504565,0.01172356946726798,0.0116553176074048,0.12649324510860369
72,Puerto Rico,2012,3667084,19429,448,290,0.5207982691424576,0.4792017308575424,0.6917389947980466,0.08297846463293451,0.00355677699229142,0.003742210432049,3.272354819251482e-5,0.0959727129239472,0.12197811667253872,0.23984051885235083,0.02768141761751085,0.01610558944664712,0.1099576216306894,0.09010429922327566,0.17629681222727173,0.04647312219665257,0.01131391858271141,0.00813317670838443,0.4492519315378663
01,Alabama,2013,4833722,42849,694,718,0.515514338640079,0.484485661359921,0.6890090079652905,0.2656549135428144,0.0046463160272767,0.0121281281794857,3.1466435181832966e-4,0.01133370930310017,0.01691326063021415,0.2556160432957044,0.05477008303035207,0.05994983020958025,0.1603613390640119,0.08002301696478038,0.1475814049959587,0.06276184355222703,0.01392024113246939,0.01041809088786763,0.18730944285591605
02,Alaska,2013,735132,72237,1117,1311,0.4743746701272696,0.5256253298727304,0.6635026090552445,0.03411224106691043,0.14325318446211022,0.05682652911313887,0.01196247748703634,0.01293373162914959,0.07740922718641007,0.2296161968101777,0.04926954841470716,0.07089670794256678,0.20372023455720087,0.08318437553360034,0.18164133843716432,0.07125334209428542,0.01566164280820215,0.01115940682014183,0.09329040215268412
04,Arizona,2013,6626624,48510,890,943,0.5022977009107503,0.4977022990892497,0.7897635357008335,0.04194790590200983,0.04350541090002994,0.02893147400546643,0.00190277885088998,0.06198571097439662,0.0319631836663737,0.2076790839123289,0.04070165812107845,0.0738180469842018,0.17707539029405,0.0862830132180613,0.17077719548962342,0.07364542433753758,0.01659179830677898,0.01252135629843647,0.18626284140764107
05,Arkansas,2013,2959373,40511,659,637,0.5061305215665616,0.4938694784334384,0.7791265244360883,0.1567656392080349,0.00598234828796505,0.013249428172792,2.122071127904458e-4,0.02262404908066674,0.02203980370166248,0.2912171009174686,0.06165866616883524,0.06676449870262886,0.15741368414126375,0.06111288786602214,0.13402427846323112,0.05166582249555344,0.01179136170666405,0.00855596752466076,0.1967984993074262
06,California,2013,38332521,60190,1224,1612,0.502452604147794,0.497547395852206,0.6193440551431512,0.0591931065530493,0.00726216259034985,0.13592208036617262,0.00372482676002447,0.12942994278930936,0.04512382579794321,0.18532314013725248,0.02260801506901435,0.05798510945459127,0.16168904792384306,0.07875224597283709,0.195069898746709,0.076951689951403,0.02321838045634605,0.01516135056136596,0.1683507216791511
08,Colorado,2013,5268367,58823,971,1235,0.4977616403716749,0.5022383596283251,0.8381823058264544,0.03977608241794848,0.00827827674116097,0.02863354052593526,0.00157828792109585,0.04767093864189795,0.03588056792550709,0.1775501638336651,0.03902698595853721,0.06268505094280832,0.1653287273048046,0.08285530136715387,0.23843396927069477,0.10112954882072483,0.02117786659116422,0.01723020799690402,0.1295644090094053
09,Connecticut,2013,3596080,67098,1040,1622,0.5128353651754133,0.4871646348245868,0.7726972147449445,0.1031673377677916,0.00222965006340237,0.0410363506929768,1.5155391426219662e-4,0.05153973215278859,0.02917816066383395,0.24176991581197535,0.03140207235180899,0.05437195652482542,0.12220061128091136,0.07467970624443529,0.20625640131179993,0.12196129095064932,0.02788162973088632,0.01604541407487481,0.10727751249299568
10,Delaware,2013,925749,57846,999,1137,0.5162954537352997,0.4837045462647003,0.6887460856020369,0.21631025256305975,0.00427221633509731,0.0363370632860527,9.084535873114636e-4,0.02487607332009,0.02854985530635194,0.2781318977974688,0.03426547885601766,0.06145490924682006,0.1351293411462055,0.07666301430771919,0.1716211709780382,0.09188858717228018,0.01774411255617487,0.01631016467374906,0.12365242657626938
11,District of Columbia,2013,646449,67572,1307,1836,0.5264173971960665,0.4735826028039335,0.40850863718560937,0.488057062506091,0.00196767262382647,0.03552175036236424,1.6087889377197582e-4,0.03353860861413661,0.03224538981420034,0.16027760731456422,0.02563276190139819,0.03475830769027006,0.09884462731836102,0.03050236858022047,0.2272733293010812,0.1948990538923742,0.08905905777746383,0.03975815316965921,0.18887425055738263
12,Florida,2013,19552860,46036,972,935,0.5107821055334104,0.48921789446658953,0.7619234219444112,0.16066969231099695,0.0025765540181845498,0.02606206969210642,4.214728689306833e-4,0.02485595457646605,0.02349083458890413,0.25216267273626364,0.04234517151458338,0.06390560615010014,0.1431555746064179,0.09474877096197888,0.17550540555267882,0.06574919960638147,0.0199666409169202,0.0108102311678389,0.17006489823548937
13,Georgia,2013,9992167,47829,850,982,0.5117141256746409,0.488285874325359,0.6039890045872932,0.3098402979053493,0.00217090046633528,0.03561789950067888,3.6418526631910777e-4,0.02691688399523346,0.02110082827879077,0.236146072755792,0.04970278911005455,0.05720336233338669,0.15478714100923152,0.07372053771129691,0.1776601425302047,0.07444533303503059,0.01922971144771801,0.01189569745674249,0.18967023059765775
15,Hawaii,2013,1404054,68020,1414,1630,0.4936683346936799,0.5063316653063201,0.2556717904012239,0.02158463990701212,0.00161817138087281,0.378345847097049,0.09775692387899612,0.00997682425319823,0.23504580308164785,0.25279325098473493,0.02151675742236455,0.05941746197272016,0.1603130733001147,0.10423553213189247,0.20755117965044384,0.0688059105972166,0.0201332843006012,0.01526091698848737,0.1084829438852582
16,Idaho,2013,1612136,46783,725,886,0.4970157604569342,0.5029842395430658,0.915326622567823,0.00564282417860527,0.0122818422267104,0.01541123081427373,0.00112769642263431,0.02617583131944203,0.02403395247051117,0.22325489902024465,0.05113600398874659,0.08430609345313855,0.1822504671877876,0.09060765087560584,0.18036613499609017,0.05793323329006348,0.01445823258404754,0.00959402622873553,0.15575733569354183
17,Illinois,2013,12882135,56210,885,1156,0.5088719377649745,0.4911280622350255,0.7267751812878843,0.14233354952420543,0.00198530755965529,0.04932295772401081,2.841143956339535e-4,0.05683661908526809,0.02246227042334209,0.2335497136553496,0.03656472529473746,0.06585502227512942,0.14503811819520543,0.07621230289986869,0.19765780956088003,0.090319904255053,0.02084046794935571,0.01236050043840433,0.14673133132114358
18,Indiana,2013,6570902,47529,730,822,0.5086087115589306,0.49139128844106944,0.8415275406633671,0.0918475119549797,0.00215282468069071,0.01778385981102746,4.113590493359968e-4,0.02453696615776646,0.02173993768283258,0.2913409378208404,0.05139034318503686,0.0683861316258325,0.1445932334962248,0.0818260693752591,0.1519342473681233,0.06348292514628236,0.0128306018328305,0.00992628612077464,0.15941340067117993
19,Iowa,2013,3090416,52229,679,806,0.5053190250115195,0.4946809749884805,0.9137630662020906,0.03314440515451641,0.00246892327764288,0.02052506846974646,5.306728932286138e-4,0.01247113657190488,0.01709672743087014,0.28468610095348756,0.04258764713636386,0.07445746898602235,0.139200886601864,0.11056794270286632,0.1807320323980725,0.05679719958794495,0.01450150614909167,0.01234309929843233,0.12672754682167486
20,Kansas,2013,2893957,50972,745,856,0.50224519576483,0.4977548042351701,0.8555863131345767,0.0581370075643833,0.0083753836010694,0.02530065235938198,4.892954525585557e-4,0.01908805141195947,0.03302329647607065,0.22218543134778324,0.04400449679429837,0.08119918075030241,0.16460990843522774,0.0780199151376943,0.19996208166327983,0.07952810362921207,0.01848225181514009,0.01253922011060405,0.13989932148341835
21,Kentucky,2013,4395295,43399,668,717,0.507867617531929,0.49213238246807095,0.8769773132406358,0.07966791762555187,0.0016913540501832,0.01210089425169414,4.8460911042376e-4,0.00911815930443804,0.01995975241707325,0.26402255105796113,0.06744191006865058,0.06581578811051941,0.1419168060703136,0.07593275174842813,0.13292353570307683,0.06703800344861092,0.016373961328565,0.00949536049089043,0.18765369539272425
22,Louisiana,2013,4625470,44164,763,680,0.5121654664282764,0.4878345335717235,0.6285406672186826,0.32275963307512534,0.00592631667700795,0.01604745031315736,1.4549872769686108e-4,0.00973436212968628,0.01684607185864355,0.2845537670351598,0.05120605685783695,0.05378268604037004,0.16142911320792638,0.0543418343425131,0.14937431074345636,0.0504067087252506,0.01551842471086233,0.01014803097095097,0.19755754685940277
23,Maine,2013,1328302,46974,760,904,0.5106579678416505,0.48934203215834954,0.9489332998068212,0.01025143378538916,0.00620491424389935,0.01058418943884749,2.0251418728572268e-4,0.00286907646002189,0.02095457207773533,0.28147033110333536,0.05696558143825435,0.06095525817590219,0.14076975812453746,0.09614638738230664,0.18082271620882173,0.07092840176023783,0.01678473566033028,0.013643101087884,0.1396160383111498
24,Maryland,2013,5928814,72483,1210,1540,0.5150536009394122,0.48494639906058784,0.5762257004520634,0.29600591281831407,0.00290614615334534,0.05978092751771265,5.149427861963624e-4,0.03598392528421367,0.02858244498815446,0.2246352739355329,0.03187821139218867,0.06205139421917679,0.1358635539195377,0.06285911790899597,0.20279985995474656,0.11749418531012884,0.02944633104080149,0.0244613869008916,0.10116705501697518
25,Massachusetts,2013,6692824,66768,1077,1581,0.5150367019960483,0.4849632980039517,0.7964322683518945,0.07088592199645471,0.00208551726446116,0.0580199031081648,2.3263722458561587e-4,0.04266793807815654,0.02967581397628265,0.22876479843293784,0.02985040593555196,0.04886124137990942,0.11148704774045316,0.07711374773469828,0.2252901594967854,0.12417729779501584,0.02753911954821007,0.02591602883515987,0.11933856111564572
26,Michigan,2013,9895622,48273,768,869,0.5090618861553119,0.4909381138446881,0.7911636075023885,0.13927745016937793,0.00542866330181165,0.02692160230049207,2.2909120821308656e-4,0.0101142707350786,0.02686531478263822,0.25671591705108654,0.04002410728191901,0.07539304124196142,0.16374156452046146,0.0894202589952741,0.1638797073719075,0.07739295245734011,0.01573323682394837,0.01196440489097925,0.17047766521437016
27,Minnesota,2013,5420380,60702,832,1095,0.5035967957966047,0.49640320420339534,0.8479270826030647,0.05433696530501551,0.01091879167143263,0.04317280338278866,3.234090598814105e-4,0.01624517100277102,0.02707577697504603,0.23181311827820705,0.03134239817619381,0.067979157602788165,0.15147962449298535,0.10640439992692872,0.22407340412136337,0.07707697254564407,0.02077654489130647,0.01336416360802384,0.11193935092703654
28,Mississippi,2013,2991207,37963,708,604,0.514833978390663,0.485166021609337,0.5899424546679651,0.3771989033189612,0.00445104601587252,0.00941392554911779,8.959593903063211e-5,0.00811612168599498,0.01078795282305771,0.2479733865547002,0.0582013760360922,0.05872285290830811,0.17085643384390078,0.08419443474910593,0.12867998512729317,0.05394256193767756,0.01196186124261672,0.00914163974699827,0.24048748897631048
29,Missouri,2013,6044171,46931,734,837,0.5102054524929887,0.4897945475070113,0.8279003026221462,0.11453812276323752,0.0037717331293241,0.01697933430407577,9.084785986366036e-4,0.01075598291312406,0.02514604566945574,0.26728252014993764,0.04806113138122538,0.07214518974828299,0.15427287886713137,0.0755884873877117,0.1694942014185813,0.07247504066308187,0.01568607878421153,0.01190947111926692,0.15885763014525314
30,Montana,2013,1015165,46972,690,779,0.5005560672403009,0.4994439327596992,0.891224579255589,0.00317288322587953,0.06818201967167899,0.00645018297518137,4.836652169844311e-4,0.00497751597031024,0.02550915368437643,0.24817715248364333,0.04246708717310268,0.07406601283574855,0.18756792600944036,0.08457577169025304,0.1966397211714398,0.06457197001025873,0.01750223820282108,0.01118303347945134,0.16518928369891875
31,Nebraska,2013,1868516,51440,714,905,0.5048080936957458,0.4951919063042543,0.8832453133930884,0.04603118196472495,0.00770932654577215,0.01999233616410028,8.851944537804332e-4,0.01919758781835424,0.02293905966017952,0.23720054509186905,0.03402462788263408,0.07628735163033819,0.16316383697276515,0.0981930665367575,0.19598290992159367,0.06699593814392268,0.0187169603886742,0.01190989526072902,0.1318779553472335
32,Nevada,2013,2790136,51230,952,1083,0.4971327562527418,0.5028672437472582,0.6834304851089696,0.0839310341861472,0.01075789853971275,0.07710054276924136,0.00655953688278994,0.09614083327837784,0.04207966923476131,0.24304121344407875,0.04125402320698986,0.07306699186922415,0.1874179073557145,0.08143376738762251,0.15072102703637813,0.05197171848336576,0.01484395189451135,0.00783764504368663,0.15763671451777805
33,New Hampshire,2013,1323459,64230,995,1403,0.506851364492591,0.493148635507409,0.9344883370017508,0.01216509162731901,0.00232874611151535,0.02354134128824542,8.009314984446062e-5,0.00821257024207021,0.01918382057925481,0.25108050462486264,0.04184116257538656,0.06184726272161701,0.13245212899429787,0.09492649540109543,0.21901579981137137,0.09513091519498836,0.0167786468923865,0.01458194529769578,0.08702517442890582
34,New Jersey,2013,8899339,70165,1171,1820,0.5119020637375428,0.4880979362624572,0.6819017682099761,0.13662093330751868,0.00184530558954996,0.0901054561467992,1.8349677431099096e-4,0.06492122617196626,0.02442181379987884,0.26101034960623193,0.02672102557952126,0.04999190859422298,0.11750906278520153,0.0642229252115882,0.22583910342295216,0.10108096252405858,0.02399492007580456,0.01477860353015301,0.11449923804696932
35,New Mexico,2013,2085287,43872,772,745,0.5040759377486168,0.49592406225138314,0.75269495278108,0.02001307254109386,0.09082298983305416,0.01355880509493417,7.778305815938046e-4,0.08885059946184866,0.03328174970639533,0.22037073207983868,0.04511670188846609,0.05721718902137246,0.17824849505744408,0.07769674397839403,0.14996262426148038,0.0812507434761346,0.01526457470227911,0.01740505167250922,0.21925323237192493
36,New York,2013,19651127,57369,1109,1339,0.5147261019686047,0.48527389803139537,0.6460331766213714,0.15671274222592932,0.0037265547161748,0.07912930388165523,5.069429351303872e-4,0.08515531959057615,0.0287359600291627,0.23001719164398168,0.03785887649961138,0.04476303178032254,0.1161844386931966,0.08624027613938422,0.19299732996704003,0.10696071556585247,0.02628592677268801,0.01459903676120456,0.15969736133734483
37,North Carolina,2013,9848060,45906,778,890,0.5130029670818415,0.4869970329181585,0.69165916942017,0.21544466625914135,0.0114367702877521,0.02421817088847955,6.763768701652914e-4,0.03258611340710759,0.02397873286718399,0.22035897693552636,0.04510475616273175,0.06440330627836623,0.15578149574230638,0.08750234085604534,0.18444940782051455,0.07129448197426656,0.01502289090773449,0.01317928597419958,0.17890565739809144
38,North Dakota,2013,723393,55759,690,744,0.4896895601699215,0.5103104398300785,0.8895275458844639,0.01496696816253405,0.05559080610401262,0.01257407799080168,5.128609206890307e-4,0.00638656995575019,0.02044117098174851,0.23869692079133845,0.03606767632504302,0.06167181471308102,0.16942381069439844,0.13775744685399144,0.19980120346718255,0.05122751515021964,0.01121810972286053,0.00909547577568055,0.11801506447302272
39,Ohio,2013,11570808,48081,709,898,0.510991540089508,0.489008459910492,0.8245987661362975,0.12143905594146924,0.00157923284182055,0.01836924439503274,2.6947124176634855e-4,0.00816615399719708,0.02557807544641653,0.30269700383869635,0.03922985722181495,0.06769914214194694,0.13724486096160354,0.08194903074262541,0.16395084644266542,0.07076502571216772,0.01615885914795341,0.01056019445363341,0.15974588472162204
40,Oklahoma,2013,3850568,45690,705,737,0.5047686471190744,0.4952313528809256,0.7312448449163864,0.07194159407131623,0.07528993125170105,0.01855128905657555,0.00142472487175917,0.02689759017370943,0.0746500256585522,0.273205350862599,0.04987957008295042,0.06911404515653097,0.16541369282371748,0.07170337814196008,0.16076845338622114,0.05450645677509548,0.01330334654332026,0.00939341383804978,0.1678370167971949
41,Oregon,2013,3930065,50251,887,1156,0.5047929232722614,0.4952070767277386,0.8575916683311854,0.01848697158952841,0.01099269350506925,0.03874516070344892,0.00357195110004541,0.02842904633892823,0.04218250843179438,0.19595805244221337,0.04659356378578299,0.08434925036325236,0.17879005622321834,0.08439473780557484,0.19268591512782896,0.08065108432077449,0.01888838306195574,0.01513659361186194,0.16666480658189697
42,Pennsylvania,2013,12773801,52007,828,950,0.5112411724591608,0.48875882754083927,0.8163344645810593,0.11030553865681796,0.00178920902243584,0.03012282718354544,1.754372093318191e-4,0.02067505200683805,0.02059747133997155,0.32377078861366865,0.04058557172873406,0.05392286290610942,0.10824063994478694,0.07857712858036373,0.17483696596064935,0.07987016303971503,0.01843178564982615,0.01372993503611438,0.13683882208868658
44,Rhode Island,2013,1051511,55902,918,1429,0.5121315896837979,0.4878684103162021,0.8046534938769067,0.06423232852533164,0.00393338728743684,0.03161165218433283,5.049875845331148e-4,0.06948001494991493,0.02558413559154397,0.22633327592241748,0.0401468978659807,0.05387551461478201,0.13138163998911043,0.08315369272566657,0.19806488174277315,0.08639139058498019,0.02279444854963358,0.01653989966053481,0.1428988343208086
45,South Carolina,2013,4774839,44163,766,786,0.5138728237747912,0.4861271762252089,0.6722530330342028,0.27647654716734954,0.00299423708317704,0.01362307713411907,6.569855025478346e-4,0.01499066251239047,0.01900545756621323,0.248628867681042,0.04493193731680722,0.05946637755969709,0.1532782754619209,0.08897166951772156,0.16566879745505836,0.06997714154237068,0.01365692806338345,0.01158803757390234,0.18575495795264088
46,South Dakota,2013,844877,48947,637,775,0.49796242529977736,0.5020375747002226,0.8511440126787686,0.01538803873226517,0.08519701684387194,0.01077671661082027,4.971137810592548e-4,0.00795500410118869,0.02904209725202603,0.26803446354447424,0.04542080263685683,0.06348748273464995,0.1592169290273868,0.11408471410758332,0.18919738129334487,0.05415103483199294,0.01245464726050395,0.00974482674754382,0.14165283314254726
47,Tennessee,2013,6495978,44297,748,792,0.5113671875120267,0.4886328124879733,0.7789633831887978,0.16971347501484765,0.0024786106110581,0.01520109827958161,4.6028481007786664e-4,0.01421402597114706,0.01896912212448995,0.26522533572385576,0.06377843655714428,0.06347111636405658,0.14889537497983427,0.06665942034789195,0.15594268695788477,0.06291528557551598,0.01619277648806016,0.01262987596209183,0.1778562797786054
48,Texas,2013,26448193,51704,857,961,0.5029719421663325,0.4970280578336675,0.7501596422863369,0.11883102940151714,0.00449414445818661,0.04120912910761049,7.521118739567576e-4,0.06009540992082143,0.02445853295157064,0.2052464078663971,0.0471079048290309,0.06222570502833931,0.1636022117764694,0.06541228870260968,0.18261867703160004,0.06740249409007838,0.01507785694990948,0.01031453449681341,0.17535026882358284
49,Utah,2013,2900872,59770,881,1121,0.49713120744383066,0.5028687925561693,0.8737145244602312,0.01129108764537008,0.01148792501013488,0.02160419349767932,0.0094843895214956,0.04812518442730323,0.0242926954377856,0.19945056688351456,0.02934959403130535,0.07933615453090756,0.198525067212468,0.0953755547161272,0.20862774020637564,0.0738100953695683,0.01610046161241678,0.01484750507198962,0.1266596460146578
50,Vermont,2013,626630,52578,865,1119,0.5074094760863668,0.4925905239136332,0.9497598263728196,0.01146450058248089,0.00251982828782535,0.01219220273526642,3.542760480666422e-4,0.00260600354276048,0.02110336243078052,0.26382361167790835,0.04210704902172069,0.05019785681860909,0.11892960148931388,0.08225616382452874,0.21419662795123048,0.10135863210553586,0.0235364785613081,0.01814413513872904,0.12291009031795504
51,Virginia,2013,8260405,62666,1086,1233,0.5084341506257866,0.4915658493742135,0.6932936096958926,0.19277819913188277,0.0023745809073526,0.05865293529796663,7.031132250779472e-4,0.01969177056088654,0.03250579118094088,0.2088610349088618,0.03937316677048074,0.05901506574811588,0.1420591941630116,0.0729623550498955,0.21080053599711143,0.11050031431929372,0.02330745893350097,0.01688315378053464,0.11718717230689953
53,Washington,2013,6971406,58405,989,1302,0.5014162136016752,0.4985837863983248,0.7802880796212414,0.03720009995114328,0.01365477781669866,0.07689883504131018,0.00607266310411414,0.03666175804421662,0.04922378642127571,0.1920595039973617,0.04074219354268414,0.07560436403445397,0.1702508061870286,0.09549937697934428,0.2091906596199319,0.08368939572946114,0.02020843568267934,0.0142455415349937,0.14149282166189653
54,West Virginia,2013,1854304,41253,620,503,0.5055643519077778,0.4944356480922222,0.9371079391512934,0.03386068303794847,9.933646262964434e-4,0.00563823407596596,8.34275286037241e-4,0.00327346540804528,0.01829203841441317,0.33872452232375727,0.06353586677228029,0.05965108865748343,0.1267966229400514,0.06777071540348911,0.11339193601360098,0.05482506133961863,0.01326404049380807,0.00781592318540986,0.1848152609235786
55,Wisconsin,2013,5742713,51467,758,1027,0.5027608031256307,0.4972391968743693,0.8659581281530175,0.06232228565139856,0.00864626179298878,0.02482972769142389,2.632901905423447e-4,0.01688000079404978,0.02110030572657905,0.2847123353210677,0.03574776937332105,0.06784280942058742,0.143516173445096,0.10028018006383126,0.18350028394363815,0.06774975117875921,0.01570029162545424,0.01006704575655706,0.13508392427443552
56,Wyoming,2013,582658,58752,780,880,0.4894140301858037,0.5105859698141963,0.9067119991487288,0.0127604872841358,0.02347002873040445,0.00983252611308863,3.1751044351918277e-4,0.01947797850540111,0.02742946977472205,0.23481821449595483,0.04935740816953797,0.08744145824325239,0.1905218356194356,0.107474590663534,0.1777090702605271,0.05974775600785592,0.01308886886125538,0.01514662137874628,0.1089728389076544
72,Puerto Rico,2013,3615086,19183,448,283,0.5216932598560587,0.47830674014394126,0.7183051800150813,0.07761336798073407,0.00440985359684389,0.00304225127700973,2.3789198929154103e-5,0.10702456317775012,0.08958099475365178,0.24422586412445013,0.02610595271483872,0.01695445305693926,0.10343473904802562,0.0966858027862786,0.17244721434191357,0.04663033037728684,0.01344326880994515,0.00950145982200844,0.45420190343457456
01,Alabama,2014,4849377,42830,717,733,0.5158204858067336,0.4841795141932665,0.6846803207917224,0.26639009505757133,0.00465070049204258,0.01205433192758575,2.981826325319727e-4,0.01440576799865219,0.01752060109989386,0.26023453941732383,0.05562020728538679,0.06080541248588323,0.15694372884020527,0.07884416626800943,0.14678917674773073,0.06183772490869776,0.01592868508207221,0.01015792967624938,0.1925257675806216
02,Alaska,2014,736732,71583,1183,1366,0.4766319367151148,0.5233680632848852,0.6563906549464391,0.0336485994907239,0.14017716075859335,0.05960783568516095,0.01139491701188492,0.01352866442614139,0.08525216768105634,0.23330803677961257,0.05044405126099378,0.07625943514873729,0.2065725176233852,0.08187913980251489,0.1841001485545492,0.07116644344070394,0.01552835758004424,0.00925294905503397,0.11233721087383294
04,Arizona,2014,6731484,50068,916,931,0.5033864746614565,0.4966135253385434,0.7833837234107665,0.04167253461495266,0.0437878185553141,0.03151103085144375,0.00188977645939587,0.06446334864645002,0.0332917674616771,0.20267407476535235,0.04073372276344803,0.07765023693562952,0.1790289764317688,0.08490302342576776,0.17262060138505117,0.074026886817759055,0.0168003163048952,0.0120773828925758,0.18241194127394947
05,Arkansas,2014,2966369,41262,683,662,0.5089019606124524,0.49109803938754754,0.7829342876762804,0.15784651201519434,0.00576158933699752,0.01232314658088727,0.00240967998249712,0.01698541213180154,0.02173937227634188,0.288779189743621,0.06012403894709142,0.06667499824731993,0.16095089752460612,0.06292934311582828,0.13839111081307082,0.05315751666062119,0.01246231737835638,0.00984548982073893,0.18866082801222123
06,California,2014,38802500,61933,1268,1613,0.5035253656336576,0.4964746343663424,0.6137244765156884,0.0582354487468591,0.00738692094581534,0.1391170671992784,0.00386758585142709,0.13180060563108048,0.04586789510985117,0.1858744727782782,0.02309067816020804,0.05704191719654551,0.15970777911158102,0.0780642864749493,0.19958305612175928,0.07933397655253943,0.02288061584392974,0.01536838358275488,0.16445245677456266
08,Colorado,2014,5355866,61303,1020,1250,0.49726169400055936,0.5027383059994406,0.8440056192593317,0.04022617444125749,0.01041549583204658,0.02949252277782902,0.00124704389542232,0.04019704749894788,0.03441609629516496,0.17867948420725782,0.03999092751131759,0.0638064892844479,0.15740488882156128,0.08219613370259367,0.2405264052104876,0.10420863599373184,0.02115491218628843,0.0174902070407757,0.12044453957678118
09,Connecticut,2014,3596677,70048,1076,1634,0.5122953770939119,0.487704622906088,0.7684729543409097,0.10338904494342972,0.00196987385856444,0.04209496710435771,2.833170729537292e-4,0.05492069485249857,0.02886914782728613,0.24257894391901025,0.03263306602670585,0.05399709849187926,0.11659555841085388,0.0746774236614508,0.21339435184952937,0.12083575732517524,0.0289835254860997,0.01711938338502268,0.10751918807193768
10,Delaware,2014,935614,59716,1024,1144,0.5147518100413204,0.4852481899586795,0.6920941755895059,0.21731825304024951,0.00350999450628143,0.0386612427774702,2.308644376847717e-4,0.02240881389119872,0.02577665575760944,0.27840547956329653,0.03353202892824627,0.05901680817936637,0.1334753405596688,0.07931218112792675,0.18260682165651845,0.08906945184065415,0.01672853455101406,0.01749531110670375,0.1247874091232406
11,District of Columbia,2014,658893,71648,1360,1786,0.5255178003105209,0.4744821996894792,0.4023065960633973,0.4877058945837943,0.00282139892213151,0.03780583493829802,2.610439024242176e-4,0.04370664129077104,0.02539259029918363,0.15405074577244496,0.02775193162511252,0.03575044634086841,0.10011852050145614,0.03440332807295163,0.24331460176895625,0.18733795181893348,0.07929215843319783,0.03985224875920477,0.17725646976664472
12,Florida,2014,19893297,47463,1003,933,0.5112812119579776,0.4887187880420224,0.759746360796805,0.16192187750476958,0.00266491773585846,0.02636983703606295,7.615127849345436e-4,0.02461763879562045,0.02391785534594893,0.25337848713172295,0.04227296592113663,0.06414574655891137,0.1427777947120744,0.0967328566597888,0.17439134102251688,0.06872035686988487,0.01864470804338889,0.01104827537483274,0.16495019827726562
13,Georgia,2014,10097343,49321,882,989,0.5125510740795871,0.48744892592041295,0.5985650878651938,0.3133121257740774,0.00250570867999631,0.03681047578556062,6.574006647095182e-4,0.0280148946113844,0.02013430661907791,0.23612038669133667,0.04822434982744379,0.05664034226586915,0.15463152529465934,0.07033368367656022,0.1824298309958871,0.07656352829690616,0.01917368873707349,0.01235628932998074,0.18302064392414427
15,Hawaii,2014,1419561,69592,1448,1546,0.4946937820917875,0.5053062179082125,0.2541003873732795,0.02164683307022382,0.00154343490698885,0.3763057734045948,0.10398425992260989,0.00974244854571237,0.2326768627765908,0.26275156835825675,0.02215607447675218,0.05692468391706837,0.16013363623117918,0.1048127102174667,0.2055385568846669,0.06783700976619816,0.02258907884989113,0.01425836201217747,0.11358787190064676
16,Idaho,2014,1634464,47861,755,854,0.5001113514889285,0.4998886485110715,0.9165738737592264,0.00694661980930751,0.01318475047477338,0.01468921921804334,0.00121385359359398,0.02243181862677917,0.02495986451827632,0.2302828281475287,0.05182966208154857,0.0926316957729338,0.18335273963755977,0.09297230272303776,0.16753652196292934,0.05573611763569025,0.01560573023355495,0.01133570546301018,0.14845207640527658
17,Illinois,2014,12880580,57444,905,1163,0.5092918952407423,0.49070810475925775,0.7212753618237688,0.14267331129498828,0.00217342697300897,0.05150808426328628,4.5223118834710857e-4,0.05928141434624838,0.02263617011035217,0.2298583783728723,0.03703139085707777,0.06570401742038152,0.14354868506770865,0.07759765048947365,0.2010657158242386,0.09362876307605118,0.02062454364332482,0.0126566776354323,0.14353776787628994
18,Indiana,2014,6596855,49446,753,840,0.5082537057431155,0.49174629425688454,0.8409143447900552,0.09290639251582762,0.00198018601288038,0.01974425692242742,4.875050308063463e-4,0.02181812393936201,0.02214919078864095,0.2910367135813817,0.05159321524984595,0.06647238859789137,0.14413150058624205,0.08473477267347561,0.1572429676282019,0.06681639709356571,0.01281051717325409,0.00964697452126635,0.15242495454872595
19,Iowa,2014,3107126,53712,711,843,0.5028199693221325,0.4971800306778676,0.9133063802369136,0.03149984905665235,0.00309514322882303,0.02202002751095385,8.290619691637867e-4,0.00981517968695186,0.01943435831054164,0.2770294182381247,0.04045698572864945,0.07151237144488819,0.14234069928551135,0.11339610439348942,0.18613306417599168,0.06294752498383213,0.01546927524343904,0.01198894283024374,0.12240715614753048
20,Kansas,2014,2904021,52504,773,894,0.5024330058219276,0.4975669941780724,0.8492149333630852,0.0592199574314373,0.00843657811014452,0.02625497542889669,8.508891636802902e-4,0.02173847916389034,0.03428418733886566,0.22294622276339196,0.04213187097034793,0.08222390289558289,0.1588145973390677,0.08146813136818563,0.20265094038280732,0.08315081256068893,0.01762510224440758,0.01178833507571799,0.1356446427362569
21,Kentucky,2014,4413457,42958,678,754,0.5073798158676973,0.49262018413230263,0.8742038270679877,0.07933486153824541,0.00238497848738528,0.01235811292598976,6.004363472896643e-4,0.00976422790569841,0.02135355572740371,0.26611453767060383,0.07211322801002029,0.06666765525931853,0.14039251397201585,0.077000021232274,0.1304143562526182,0.0664779128742062,0.01610585939988157,0.00933444909494904,0.19122183657559516
22,Louisiana,2014,4649676,44555,801,686,0.5113388545782545,0.4886611454217455,0.6278162177321602,0.32307283346194443,0.00559372308952279,0.01692053381784021,6.056335968355644e-4,0.00908407381503571,0.016906984486661,0.2865323090756065,0.05114601684327184,0.05371831431364451,0.161264395456185,0.05393101158955111,0.15155416037178568,0.0524702289158516,0.01564125451532465,0.00956255586979136,0.19841076457472295
23,Maine,2014,1330089,49462,776,944,0.5130987475274211,0.4869012524725789,0.9475140385342636,0.01244803919136238,0.00625672417409662,0.01086167918086684,2.7065857998976008e-5,0.00221564120897173,0.02067681185243995,0.27421626066935095,0.0491991407192151,0.06166100518341017,0.1410673468090185,0.09737890175910743,0.193755100807061,0.07230924935923962,0.01495298658442141,0.01268596122396438,0.1412594502820305
24,Maryland,2014,5976407,73971,1242,1560,0.5154223934213316,0.4845776065786685,0.5743554614001356,0.2969372735156759,0.00245247688117626,0.06190943822935754,3.4903914676493754e-4,0.03504798116995713,0.02894832965693267,0.2258083254139435,0.03113827783853207,0.05914079727518839,0.13203585791420872,0.0654408657252992,0.2070769685929429,0.1204003236181434,0.02990612661719847,0.02503240981064105,0.10107624580211357
25,Massachusetts,2014,6745408,69160,1107,1599,0.5152733533686917,0.48472664663130827,0.7927496750381889,0.07079290088901961,0.00231253617275634,0.06123854924713227,1.9702292285359165e-4,0.04149904646242303,0.03121026926762621,0.2208172525020137,0.02863363764357265,0.04700311600908483,0.11003854243051286,0.07859656480570545,0.23160973463324963,0.12778473303796814,0.02817492707361348,0.02424505586278301,0.11632460130095648
26,Michigan,2014,9909877,49847,788,887,0.5090497086896235,0.4909502913103765,0.7887672066969146,0.13877003720631448,0.00562358140267533,0.02839631611976616,2.2805530280547377e-4,0.01229672174538594,0.02591808152613801,0.2558812368788381,0.0406294415483813,0.07481298251260193,0.1610970694668458,0.09261936748983052,0.16546034929889492,0.07923299441286426,0.01725957166540055,0.01157932946886659,0.1619571071398597
27,Minnesota,2014,5457173,61481,859,1105,0.5028885835211748,0.4971114164788252,0.8442024835936116,0.05725162093999952,0.01043287431056336,0.04587576754484419,4.3832218623085614e-4,0.01558847410554878,0.02621045731920172,0.22545358403064,0.03141658064637341,0.0668036637973873,0.1493828730351363,0.11005905108203136,0.22711372350196032,0.08058524477186765,0.02062090904412507,0.0143637325555338,0.11464567059074154
28,Mississippi,2014,2994079,39680,711,644,0.5130963478251576,0.4869036521748424,0.5882259619736152,0.3782652361544234,0.00409207639477782,0.00801882649055018,1.529685756454656e-4,0.0084386550922671,0.01280627531872071,0.2392200788430879,0.06115055543878895,0.05915282128045686,0.17153856800857123,0.08603790414772057,0.1303371592907198,0.05785380707537255,0.01337461744698084,0.00910283947895894,0.21520271320372855
29,Missouri,2014,6063589,48363,754,861,0.5101064732454657,0.4898935267545343,0.82298965183821,0.1173564039383276,0.00435171315206225,0.01771657016991092,6.205895551298084e-4,0.01215121935210318,0.0248138519942562,0.2657549474865745,0.04815923990750514,0.07194916952575411,0.15333498333360723,0.07457968532417968,0.17088761756558568,0.07548383314523494,0.01669607313834712,0.01183437758400222,0.15456384773531645
30,Montana,2014,1023579,46328,711,785,0.4984178065396027,0.5015821934603973,0.8935030906261265,0.00567811570968142,0.06842168508732595,0.00798765898870531,2.696421087185259e-4,0.00279020964673952,0.0213495978327027,0.25743335488970326,0.0489042178630452,0.0659093195372566,0.17873104835812317,0.08221743191779837,0.19458360278795717,0.06985126104763957,0.0162204498095854,0.01227994539052956,0.15426994484704676
31,Nebraska,2014,1881503,52686,742,920,0.5024206711336628,0.4975793288663371,0.8827921082241166,0.04710064241194407,0.009545028628708,0.02067070847083422,5.612534234598616e-4,0.01599519107862172,0.02333506776231555,0.23582245788972164,0.03653789782159074,0.07776592000823059,0.15363178441105216,0.10355017265438668,0.20227712723350433,0.0669967608420341,0.01500366211834562,0.01111618264376366,0.1243407848824011
32,Nevada,2014,2839099,51450,955,1054,0.49746592140675616,0.5025340785932438,0.6802383432208599,0.08558842083351091,0.01074390149832746,0.07813781766680204,0.00653481967342456,0.09467651533109624,0.04408018177597893,0.24113173695742543,0.04060120921151199,0.07398528233515558,0.18378170846187583,0.080716379158553,0.15184064580188145,0.05500057824607027,0.01552199991873298,0.00865545806986671,0.15236178076870344
33,New Hampshire,2014,1326813,66532,994,1434,0.5064760444765012,0.4935239555234988,0.9341256077533155,0.01281944026776945,0.00176287087931758,0.02560571836423068,3.293606559477485e-4,0.0047120430686163,0.02064495901080258,0.24482016613264845,0.04079333923187273,0.05959493355553074,0.1283061170144228,0.09801847731782531,0.2166027419618084,0.09939504179086528,0.01898950289057064,0.01509174233118294,0.0916369968559321
34,New Jersey,2014,8938175,71919,1202,1831,0.5118252887194533,0.4881747112805466,0.6772809885686956,0.13560419213094396,0.00170840244233302,0.09257963734207486,2.9032772350060274e-4,0.06949953430090594,0.02303691749154609,0.2574911499493059,0.02477753094804755,0.05061447330265305,0.11998666434070487,0.06390117643295919,0.2310686918635344,0.10345596254265918,0.02390088922345894,0.01548010250115414,0.11103462057696054
35,New Mexico,2014,2085572,44803,777,767,0.5047982040418648,0.4952017959581352,0.7314343499049661,0.01979169263875809,0.09515375158469716,0.01513541608728924,2.838549807918403e-4,0.10779776483382016,0.03040316996967738,0.2177654747121534,0.04593972144863017,0.05945238902856411,0.1747271480584821,0.07990190868977204,0.1506359630286893,0.08041434771025649,0.01408333830729162,0.01904467973289116,0.21322301120739173
36,New York,2014,19746227,58878,1148,1362,0.5151322326032208,0.4848677673967791,0.639834232635936,0.15666162452199095,0.00412797847406494,0.08169940515724852,2.316391885903064e-4,0.08845639220089994,0.02898872782126935,0.22708265199918579,0.03879697586607356,0.04615147021938295,0.11468925401998226,0.08592764696654527,0.1958069404056778,0.10779496487787096,0.0268194539104961,0.01434346863115427,0.15929137358644896
37,North Carolina,2014,9943964,46556,803,902,0.5130309200636688,0.4869690799363312,0.6907916199213915,0.21665273526734408,0.01119030599869428,0.02481113165735515,5.800503702547596e-4,0.03240669415134648,0.02356746263361371,0.22281732775317448,0.043214158284595,0.06364200081747996,0.15550897584291176,0.09222422847889436,0.18611058615534792,0.07228273098349625,0.01553512139187146,0.0131598362458246,0.17217514115549712
38,North Dakota,2014,739482,59029,728,743,0.4910978225298249,0.5089021774701751,0.8849099775248079,0.02016276258245637,0.05364430777219729,0.01203409954535742,2.339475470667305e-4,0.00632875445244103,0.02268615057567324,0.24111308342904875,0.03745640597264279,0.06904040931398141,0.16568862900699594,0.13464550485538268,0.1981267620340399,0.0517468935992482,0.01300198391980787,0.01135637464759319,0.115450467898303
39,Ohio,2014,11594163,49308,735,907,0.5103927726391289,0.48960722736087114,0.8212980962920738,0.1224076287352524,0.00196314300566586,0.01944409441198989,2.7798470661487165e-4,0.00891724568647171,0.02569180716193139,0.3020049736174285,0.03736207374902322,0.0666612365828143,0.13740610833526357,0.08389441371639181,0.16567020385722614,0.07334673036833786,0.01605302476881842,0.01120158422696392,0.158364329476341
40,Oklahoma,2014,3878051,47529,737,752,0.5047610255770231,0.495238974422977,0.7290984569310718,0.07407174377025985,0.07471072453662936,0.01976611447348165,0.00128801813075691,0.02423562763872883,0.07682931451907156,0.26419422226702005,0.05259290442055667,0.07450931564082952,0.1663071641596357,0.07348713479071182,0.16040215266701846,0.05763621666597494,0.01428404848441727,0.00933599748605173,0.1659362093588086
41,Oregon,2014,3970239,51075,924,1134,0.5052456539770024,0.4947543460229976,0.845855879205257,0.0178936331036998,0.01177788037445604,0.04027238662458356,0.00355469784060858,0.0356406755361579,0.04500484731523719,0.19694629366240535,0.04578702906525293,0.08136967560831859,0.18024126333248028,0.08440357821400189,0.19223599058885887,0.0815859148869094,0.01981538116541321,0.01442942135606782,0.16552051830305833
42,Pennsylvania,2014,12787209,53234,848,968,0.5109761637586435,0.4890238362413565,0.8140046041321448,0.11080330351994716,0.00214018555573776,0.03122534401369368,3.2821861283412196e-4,0.01888535645268643,0.02261298771295597,0.3241674864669458,0.03934713984240644,0.05389155382771946,0.1080847264294015,0.07912063227061254,0.1754310512689831,0.08238594899007944,0.01799124379929031,0.0140398346740807,0.13597657229772336
44,Rhode Island,2014,1055173,54891,934,1425,0.5151032105635758,0.48489678943642417,0.8133604631657557,0.06690845956065972,0.00528728464431898,0.03381056945164442,3.648690783407081e-4,0.05436264953709013,0.02590570456219027,0.23942821796159372,0.04762829759006765,0.05208087938490448,0.13206341071622918,0.08224739657597561,0.1810349221831427,0.08518593524193693,0.01942493914207896,0.01866998406052866,0.14335182714602893
45,South Carolina,2014,4832482,45238,791,786,0.5134262269367997,0.4865737730632002,0.6733899888297566,0.2732287466357867,0.00292913662171943,0.0142734106407432,6.123147484046501e-4,0.01438536139400002,0.02118104112958931,0.2575640254663625,0.04579216536146601,0.05765136254116541,0.1491127221721172,0.08847908065462327,0.16679817315863055,0.07139652534599802,0.01439344432215482,0.01021212053374973,0.17986656546428087
46,South Dakota,2014,853175,50979,647,781,0.4990699446186304,0.5009300553813696,0.8494951211650599,0.01738213145017142,0.08416913294458933,0.01291294283118938,5.180648753186627e-4,0.00793975444662583,0.02758285228704544,0.2639786998098969,0.04227814102194827,0.06094461086468114,0.15863529005127022,0.11305734777348926,0.20001872227662884,0.0540119678552912,0.01328921596866179,0.01030265280258079,0.14173559784223888
47,Tennessee,2014,6549352,44361,770,807,0.5128985279765083,0.4871014720234918,0.7763216880082182,0.16876753608601278,0.00261690011469837,0.01565162477142777,5.205095099484651e-4,0.01513264213009165,0.02098909937960274,0.270250908855063,0.06274856934563565,0.06111266413006068,0.1441108429171677,0.06691392435785805,0.16221223921051697,0.06329432305410555,0.01530483225926442,0.01190918206321116,0.1833989048741103
48,Texas,2014,26956958,53035,896,986,0.5034930499205437,0.4965069500794563,0.7517858654526226,0.12000233854279849,0.00451490112497114,0.04310393628242474,7.439637662380155e-4,0.05522778200715377,0.02462121282379117,0.2063657018351244,0.04520745922492001,0.06288805263704912,0.16225369688752642,0.06713018016035685,0.18169869793154075,0.06932541926772928,0.01561884066655867,0.01127488663315209,0.17174129004940614
49,Utah,2014,2942902,60922,886,1134,0.49725576998486526,0.5027442300151347,0.8726141747159776,0.01139011764577957,0.01117060642862045,0.02244723065871714,0.00863943141837546,0.04706578744382245,0.02667265168870727,0.2030821230760928,0.02678482390801145,0.08067065008382539,0.19346889309417187,0.09902424659800298,0.20755848126452572,0.07460284126438495,0.01529564143144912,0.01356105996595363,0.11729741780035766
50,Vermont,2014,626562,54166,917,1155,0.5076049935999949,0.4923950064000051,0.9446040455693132,0.00983781333690839,0.00401077626795113,0.01585317973321075,5.825441057708575e-4,0.00458374430622987,0.0205278966806158,0.2740605869777014,0.03248387442702023,0.05609668726998099,0.13089607304935896,0.07763091546708832,0.20870723899616456,0.09960093912781584,0.02339377428532966,0.01716486530269531,0.12154651149265808
51,Virginia,2014,8326289,64902,1116,1244,0.5084639747671502,0.49153602523284984,0.6893444366391799,0.1923364658613219,0.0025501156637729,0.06135638578002757,5.468222397757272e-4,0.02100251384500346,0.03286325997091861,0.2070026559161488,0.03882759129656189,0.06036087382931181,0.13893846934937612,0.07271039488413822,0.2087516304942209,0.1164799285827971,0.02447817516242701,0.01775080268774802,0.11799004987438586
53,Washington,2014,7061530,61366,1032,1293,0.5001654032483045,0.49983459675169545,0.776743425291686,0.0355922866574241,0.01353998354464259,0.0784675558979428,0.0064233954964434,0.03499963888845618,0.05423371422340484,0.18889727711494073,0.03907380607814761,0.07761610238429055,0.1670547962956925,0.1002822874943254,0.21019717068758093,0.08578960656990388,0.02098596212256118,0.0142596359398422,0.13187552514192996
54,West Virginia,2014,1850326,41059,656,495,0.5056622454637724,0.4943377545362277,0.9357615901197952,0.03690106500151865,0.00200829475454595,0.00629186424446286,1.621335915941299e-4,0.00225473781376903,0.01662031447431425,0.34303930265746135,0.06805183785243182,0.05762409843020789,0.1265291009372469,0.06510741697843947,0.1175870713927566,0.05430400740540749,0.01116828017125004,0.00844525012535194,0.18280720756697488
55,Wisconsin,2014,5757564,52622,782,1047,0.5036126389563363,0.4963873610436636,0.8625665298727031,0.0632065922324094,0.00880632850976558,0.02609749539909587,2.4037943824853705e-4,0.01834925326058034,0.02073342128719715,0.2823941129178315,0.03690200663800017,0.06571943392809226,0.14102800242781086,0.10333818861299247,0.1889464829835189,0.06910769742252887,0.01553270490041204,0.01067374829470914,0.1317519130055826
56,Wyoming,2014,584153,57055,792,887,0.4912617071212508,0.5087382928787493,0.910172506175608,0.01081908335658637,0.02580317142940291,0.00948552862007042,0.00143284379263651,0.02021388232192593,0.02207298430376973,0.2216000534756609,0.05287148873154704,0.09031216417027885,0.1884220052344445,0.10697960212051565,0.17882723762218417,0.0612064931792823,0.01380597590510127,0.01182377712989958,0.11185497124435892
72,Puerto Rico,2014,3548397,18928,467,293,0.5196659223869257,0.4803340776130743,0.7103058085101526,0.08437556451546994,0.00301826430357144,0.00248281125251768,1.394996106692684e-4,0.1357582029293791,0.06391984887823995,0.2533472849533694,0.02571399651015109,0.01450215918259724,0.10734846878609661,0.09319287850885397,0.17375640288135388,0.04733789676828661,0.01335873172442606,0.00994136237403032,0.4621144774171818
01,Alabama,2015,4858979,44765,729,724,0.5157809902039091,0.4842190097960909,0.6853112557185368,0.2682246620123281,0.00421961074538498,0.01222334980249966,9.154186507083072e-4,0.01113505532746694,0.01797064774307524,0.25100784461400283,0.05916425673592399,0.05926236011128944,0.1564368000994439,0.08117962910830734,0.15374383197877556,0.06330013661352023,0.01447298988621227,0.01004767458440119,0.18495658983437183
02,Alaska,2015,738432,73355,1163,1360,0.4736211323452938,0.5263788676547062,0.6518054472178887,0.03544808459005027,0.13695641575663026,0.0640478744149766,0.00915724128965158,0.01688307115617958,0.08570186557462299,0.22082837262498323,0.05189948096259395,0.07300813804648548,0.20243310764328903,0.08117387220647337,0.1871452516703122,0.0772273136779242,0.02303188555193249,0.00952668985331922,0.1034067969449127
04,Arizona,2015,6828065,51492,933,976,0.5039026429888995,0.4960973570111005,0.774156953690394,0.04403663409765431,0.04517663496173513,0.03186202826130097,0.00165259118066392,0.07053696764749603,0.03257819016075564,0.2036141428808844,0.04123537509968141,0.07504396121274318,0.17965445539011415,0.08422082304559403,0.1738904560196114,0.07480283026894255,0.01646104412784436,0.01200276661389998,0.1737251572124367
05,Arkansas,2015,2978204,41995,695,663,0.5085709373837387,0.49142906261626135,0.7749794842797875,0.1576638134929642,0.0069830676474815,0.01423811129123458,0.00256496868582541,0.02200722314522443,0.02156333145748243,0.27678375143813394,0.06452096493694849,0.06910337409995577,0.15772110036175327,0.0679282168044475,0.14034225450103857,0.05502965813285817,0.01270689132159417,0.00993953674856714,0.19066288417320185
06,California,2015,39144818,64500,1311,1648,0.5033682874703875,0.49663171252961247,0.6086183361486059,0.05817446896802535,0.00722386804812836,0.14175403753314167,0.004024900562828,0.13540226448364123,0.04480212425562944,0.18536512359488191,0.02280149523506816,0.05682273550395102,0.15798357103012534,0.07639190756865284,0.20263372464368096,0.08113523716437132,0.02275522389787674,0.01609820840219245,0.15343687832954672
08,Colorado,2015,5456574,63909,1111,1273,0.4976664845010807,0.5023335154989192,0.8443741439225418,0.04119966117934073,0.00900528426811402,0.02985023203204061,0.00167431065719992,0.03846552800346884,0.03543083993729398,0.1792479165151764,0.03780434565327097,0.06315421668568975,0.15718058429899018,0.08203024467482767,0.24756764500103895,0.1064762124191791,0.02225851634038726,0.01608152613952682,0.11490503627787606
09,Connecticut,2015,3590886,71346,1108,1648,0.5120805840118566,0.4879194159881433,0.7652548702465074,0.10598247897594076,0.00247654757071096,0.04351265954976014,1.445325749689631e-4,0.05015670227347791,0.03247220880863386,0.2415333787526498,0.03280737441599406,0.0499337702315981,0.11878040245393616,0.07595612914279526,0.2165632609452875,0.12163325275849612,0.02822220551998247,0.01667301082385952,0.1054053914296516
10,Delaware,2015,945934,61255,1049,1137,0.5156025684667218,0.48439743153327824,0.6923358289267538,0.2155150359327395,0.00329938452365598,0.03817813927821602,3.5309017331018865e-4,0.0202519414673751,0.03006657969794933,0.26246330266794965,0.03603386880282424,0.06300908929326608,0.13769390594450812,0.08052880932096912,0.1801632150233821,0.09228421355855332,0.02081098805459704,0.01614682610214576,0.12425640106263344
11,District of Columbia,2015,672228,75628,1417,1910,0.5244098728407623,0.4755901271592377,0.4003745752929066,0.47428997304485976,0.00247088785352588,0.03859404844784805,7.06605496944489e-4,0.05176368732037344,0.03180022254354178,0.14779734564925012,0.02598946041735394,0.03175197299972086,0.09535530912443645,0.02960979859754189,0.23817468977592812,0.2060653352619247,0.07978489439270518,0.0434398287952225,0.17319016279875304
12,Florida,2015,20271272,49426,1046,951,0.5120563721901615,0.48794362780983846,0.7575930114301658,0.1618437165659856,0.00232013067556885,0.02683936163453383,5.869389942574891e-4,0.02605983482437609,0.02475700587511232,0.2498299150891941,0.04208317178190422,0.06273769422731153,0.1411798894296978,0.09611907673610096,0.1820402839155356,0.07031778801594883,0.02017474856854607,0.01177023013514881,0.15702153757365092
13,Georgia,2015,10214860,51244,909,993,0.5129196092751149,0.4870803907248851,0.5949604791450886,0.3130663562692,0.00278917185355452,0.0380286171322955,4.2457752724951687e-4,0.0278108559490781,0.02291994212353375,0.2335489851755754,0.04762508926478137,0.05517577138760223,0.15168482085027798,0.07421084547082506,0.18618976394599035,0.07999216609435966,0.01975562583195973,0.01331180455572434,0.17046799579006441
15,Hawaii,2015,1431603,73486,1500,1576,0.49382964411222946,0.5061703558877706,0.26002460179253606,0.02070685797668767,0.0027235204173224,0.3711000885021895,0.09376342463657872,0.0070794766426167,0.24460203003206896,0.24926210602547483,0.02212870493775319,0.05619151366143497,0.16006061380607234,0.10746474844661907,0.20796235777157035,0.06771483111102997,0.02453256572074237,0.01340177743697726,0.10614860546537926
16,Idaho,2015,1654930,48275,770,883,0.5003903488365067,0.4996096511634933,0.9150864387013348,0.00533436459548138,0.01420966445710694,0.01277697546119775,0.00116681672336594,0.02276954312266984,0.02865619693884333,0.2187879345054607,0.05576360576445006,0.08529506126745104,0.18448904390505655,0.09595283972900104,0.17783227108900526,0.05643716310406742,0.0143811058723318,0.01112120092084106,0.15137696687536523
17,Illinois,2015,12859995,59588,936,1171,0.5092972431171241,0.4907027568828759,0.7184045561448508,0.14343893601824884,0.00223888111931614,0.05242894728963736,3.5101102294363254e-4,0.06016215402883127,0.02297551437617199,0.23139405985127115,0.03577386492491634,0.06578608620842126,0.14255089334511514,0.0805826594464195,0.2029219096234584,0.092751529738495,0.02131047347602811,0.01245044700158324,0.1356159543010817
18,Indiana,2015,6619680,50532,758,842,0.5085730730186353,0.49142692698136464,0.8398735286297827,0.09149384864525172,0.00237232011215043,0.02094723612017499,3.930703598965509e-4,0.02124226548715345,0.02367773064559012,0.29205561589092244,0.05096030248605902,0.06600416676883829,0.14034049619428848,0.08345042010297525,0.15978259100970696,0.0655474309699872,0.01405980832680007,0.00997462400651942,0.1454137785632789
19,Iowa,2015,3123899,54736,718,834,0.5040527878782253,0.4959472121217747,0.9048538381042408,0.0341272237034552,0.00369858308479243,0.02192932614018571,0.00105061015096838,0.01517462632434659,0.01916579249201078,0.2789727086571055,0.04154342435589422,0.07350576330534914,0.14081438261868862,0.11411306027850512,0.1817470585740013,0.060114610528589,0.01623231384465877,0.01020677713805324,0.1215868699126322
20,Kansas,2015,2911641,53906,782,893,0.5022655608984762,0.4977344391015239,0.8468760400063057,0.05911065272126611,0.00928720264620535,0.02892561273865837,7.545573097782316e-4,0.023105527089363,0.03194040748842319,0.2236259974296775,0.04181407365398292,0.08246901342297161,0.15374012631329234,0.08382830838997946,0.2036003577482196,0.08350317901337531,0.01776932653209275,0.01234697341087721,0.1303025175710002
21,Kentucky,2015,4425092,45215,702,737,0.5085092016165992,0.4914907983834008,0.8735890688826357,0.08038657727342166,0.00201442139508059,0.01347452211163067,6.24845765918539e-4,0.00861496212960092,0.02129560244171194,0.26763874343797994,0.06779499396076673,0.06605683236359865,0.13839045232351554,0.07864754633145855,0.13613034037185617,0.06945252091983713,0.01765497074066762,0.00969054366482757,0.1850934563971933
22,Louisiana,2015,4670724,45727,800,698,0.5105043672030289,0.4894956327969711,0.6240345179890741,0.3216578414823912,0.00484828476270488,0.0173504150534264,2.4535810722277747e-4,0.01095183530433397,0.02091174730084672,0.2858291158563672,0.05551045067369247,0.05217534581157287,0.1591839767644346,0.06128186530673563,0.15208407707927132,0.05509562217006353,0.01590046700514174,0.00890653597199584,0.19595049241603563
23,Maine,2015,1329328,51494,792,962,0.5102563099551052,0.4897436900448949,0.9463984810370352,0.0111296835694426,0.00674476126283355,0.00999828484768243,4.90473382039647e-4,0.00222443219431171,0.02301388370665479,0.2757646373434314,0.05124214556198244,0.06071116474553701,0.13114622778910573,0.0970985393866256,0.19507407099163585,0.07460675793766385,0.01922516749198951,0.01232262494278224,0.1335038932835059
24,Maryland,2015,6006401,75847,1278,1580,0.5151259464694415,0.48487405353055846,0.5652383182541425,0.29471242429534755,0.00256443084635874,0.06412608815162357,4.8464962629035256e-4,0.04169168858356277,0.03118240024267444,0.21985352296144337,0.03104922234957048,0.05888185846338049,0.1335336671471883,0.06496036793300453,0.211177320288235,0.12316239470408918,0.02748431073256557,0.02613927262640262,0.09734739369875955
25,Massachusetts,2015,6794422,70628,1164,1650,0.5146924933423329,0.48530750665766714,0.7908307726543921,0.07349514057266388,0.00156937558485475,0.06339597393273483,2.0752317121309216e-4,0.04130314543312146,0.02919806865101991,0.22333492824186404,0.02831422984190008,0.04827069988722325,0.110803366475136,0.0770141102662534,0.2308895680234154,0.12772370291868262,0.02875148407230289,0.02730204366423294,0.11466727369531024
26,Michigan,2015,9922576,51084,803,880,0.508487816067118,0.49151218393288193,0.7862356509035557,0.13888641417309375,0.00540867613410066,0.0295444449102733,3.7863151665454617e-4,0.01214029502016412,0.02740588734215792,0.25326948803324206,0.04092936942758748,0.07591329638617034,0.16090757507007294,0.0924579246581664,0.17025667671420633,0.07962862200775317,0.01654016952455038,0.0115734221198758,0.1577214417724333
27,Minnesota,2015,5489594,63488,888,1114,0.5026899985682002,0.4973100014317999,0.8406448637185191,0.05834074432462582,0.0100575743852824,0.04715084576382152,2.8599564922287516e-4,0.01515030073262248,0.02836967542590581,0.2224686464366437,0.03183736001848181,0.0688928608581345,0.14578234959544006,0.11185092415835458,0.229018883066036,0.08256535172868477,0.02113844204234875,0.01421856909132422,0.10182081968563302
28,Mississippi,2015,2992333,40593,724,636,0.5159312148748151,0.4840687851251849,0.5876972917118516,0.3771221317948236,0.00391767894816519,0.01020608334700716,2.787122957237714e-4,0.00879414156111636,0.01198396034131228,0.24491724533213272,0.06537242289625203,0.05596011344352947,0.16838844933021296,0.09175413875780666,0.1296067226098773,0.05731233900704643,0.01239591320555826,0.00894773801859002,0.21995878586429024
29,Missouri,2015,6083672,50238,763,869,0.5095651113340759,0.4904348886659241,0.8237339225388877,0.11670073600286145,0.00424217479180337,0.01888481167295015,0.00101895697203925,0.01078526258483363,0.02463413543662446,0.2639106787737613,0.04604472504717842,0.07157330399305674,0.15198359274550596,0.07732453190120502,0.1725373253812593,0.0782063510504216,0.01651098356638612,0.01119322114647716,0.14833952816069626
30,Montana,2015,1032949,49509,763,840,0.49752988772921025,0.5024701122707897,0.889396281907432,0.00457428198294397,0.06302924926593666,0.00878165330524546,0.00100101747520932,0.00691418453379595,0.02630333152943659,0.2705792909536491,0.0442867275731281,0.06274130044214524,0.1657457077367629,0.08607320384693253,0.20406212968744028,0.07085083580031402,0.01679953675978191,0.01434034281475063,0.14615763991636624
31,Nebraska,2015,1896190,54996,750,941,0.5029037174544745,0.4970962825455255,0.8817618487598816,0.04774574277894092,0.00915520069191378,0.02104535937854329,6.439228136420928e-4,0.01659432862740548,0.02305359694967276,0.2346949454925145,0.03455102009357585,0.07591943098355243,0.1615866842232937,0.10145767059905904,0.19840935661127893,0.07304092300477939,0.01716882351938977,0.01341978592922342,0.12553495394213435
32,Nevada,2015,2890845,52431,980,1098,0.4992965724554585,0.5007034275445414,0.6753530542107931,0.08534528831535416,0.01162532062424654,0.08010322241420761,0.0063393229315304,0.09157149553158332,0.04966229597228492,0.24067419075718677,0.0383422748171268,0.07796238835424027,0.18236308199456652,0.08109576067478014,0.1549401041679898,0.05700481717252652,0.01439308757844227,0.00925226365445615,0.14672762966975297
33,New Hampshire,2015,1330608,70303,1017,1458,0.5057026562293327,0.49429734377066725,0.935859396606664,0.01600170749010978,0.0011731479143369,0.02556275026153457,1.908901795269531e-4,0.00425594916008321,0.01695615838774455,0.24048509732035583,0.04448503756879432,0.06238063025093521,0.12965982155622943,0.09730861894935416,0.21928076191776905,0.10433049442283192,0.01915037547454477,0.01394772165161852,0.08233001568249926
34,New Jersey,2015,8958013,72222,1214,1854,0.5116224993198827,0.4883775006801173,0.6765191119950373,0.13380344502737382,0.00188323013150349,0.09480227367386047,3.9696303186878605e-4,0.06540010602797741,0.02719487011237871,0.2599432665886523,0.02504985093370766,0.0505440465595396,0.11553351202260514,0.06358296855985615,0.23308749503761036,0.1034825271990846,0.0245429087776564,0.01480803011943466,0.10773853209703271
35,New Mexico,2015,2085109,45382,783,771,0.503554490436711,0.49644550956328903,0.7340959153694123,0.02295947118352086,0.09280665902837694,0.01404339053737718,6.498461231523148e-4,0.1014910971081128,0.03395362065004755,0.2157050062865323,0.05274807121058576,0.06231579589241173,0.17386907752034775,0.07717698403249833,0.14381785607470665,0.08415459933156594,0.01749993466652341,0.01910060484280765,0.2043766700857109
36,New York,2015,19795791,60850,1173,1381,0.5142102682332825,0.4857897317667174,0.6375664402599522,0.15565596747308558,0.00353272066774194,0.08447179503966272,3.2562477548889055e-4,0.08907706693811832,0.02937038484595033,0.22617359576931317,0.03882879803376072,0.04528697157557692,0.11430378522905849,0.08467318741898328,0.19991081608269137,0.1080921393166266,0.02727659982173479,0.01500981602206741,0.1540171385521176
37,North Carolina,2015,10042802,47830,827,909,0.5124860571780664,0.4875139428219335,0.6905159536153357,0.21632329304112535,0.01199993786594617,0.02671784229142424,4.968732829742137e-4,0.02990330786169039,0.02404279204150395,0.2193602088177346,0.04466522265551757,0.06284598154213056,0.15198789112660668,0.09224395073879388,0.18889239179232264,0.07558789136320054,0.01630737918482771,0.01363224206390281,0.16423115537545022
38,North Dakota,2015,756928,60557,775,767,0.4872008962543333,0.5127991037456667,0.8823824723091231,0.02071663355035089,0.04986603745666695,0.01334869366703306,5.879026803077704e-4,0.00808399213663651,0.02501426819988162,0.23804665285955567,0.03769585197259444,0.06284742193867285,0.16421993549003389,0.13059508106427217,0.21467754162965913,0.04912228642506255,0.01459705660576768,0.01306255678157462,0.10961859783360724
39,Ohio,2015,11613423,51075,746,915,0.5105705699344629,0.4894294300655371,0.8196597161749813,0.12281400582756696,0.00188583503761121,0.02010328909917429,4.3010574918350946e-4,0.0084714041674018,0.02663564394408091,0.2989031807883776,0.03856697992900625,0.06907149650413412,0.1365807759669827,0.08602958030613679,0.16830419161979973,0.07256926196135742,0.0160622404694756,0.0109201959863078,0.1482394509594222
40,Oklahoma,2015,3911338,48568,759,750,0.504119817821932,0.4958801821780679,0.725681595402903,0.07320103759889839,0.0732736470230903,0.02007701712304076,9.053167995197552e-4,0.0276805533042657,0.07918083274828204,0.26636414850990847,0.04967115126963407,0.07379441353974,0.16314947282164838,0.07379441353974,0.16488959729274008,0.05853089082566189,0.01279310111604882,0.01008732680366384,0.1609235979897591
41,Oregon,2015,4028977,54148,943,1166,0.5055414811253577,0.4944585188746424,0.8523029543231445,0.01910658710635479,0.01244137159383138,0.04077734869173986,0.00353414775016089,0.0264600666620832,0.0453775238726853,0.18740428196362863,0.04612722373390109,0.08496748573076966,0.17278186432259177,0.08751449922106244,0.2019083167852931,0.08336753479545624,0.02118125372397762,0.01505458624669767,0.1535974628024707
42,Pennsylvania,2015,12802503,55702,868,987,0.5108576815018125,0.4891423184981874,0.8113005714585656,0.11001848622882572,0.0019593824738803,0.03281514560082509,3.322006641982431e-4,0.01940932956625747,0.0241648840074476,0.31643181046360797,0.04045886300242802,0.05481721729994637,0.105178025359816,0.08312732618705587,0.18115427777853343,0.08323052179996081,0.01902958577753116,0.01347231091961342,0.13160280762129536
44,Rhode Island,2015,1056298,58073,938,1453,0.5155032008012891,0.48449679919871097,0.8036037178902166,0.06201280320515612,0.00431980369176122,0.03364580828516195,1.9975423602051697e-4,0.06177896767768186,0.03443914501400173,0.23484590108247969,0.04497844765595144,0.05648398880675211,0.12811557042144522,0.0851314165649659,0.19330815811352955,0.09484538059371332,0.02069216787680304,0.01826504657689605,0.13876712881379613
45,South Carolina,2015,4896146,47238,819,807,0.5128625657813308,0.4871374342186691,0.6723847695718224,0.2745249018309503,0.00281057795253654,0.01436681014005709,6.864582878043261e-4,0.01404941764399999,0.02117706457282932,0.24977860325462253,0.04454321784957793,0.06052083358435005,0.14609112750283748,0.09419753770672731,0.17345546401143191,0.0705397140578198,0.01385913504056831,0.01030413587193568,0.1664612693846755
46,South Dakota,2015,858469,53017,675,824,0.4973144050629667,0.5026855949370332,0.8456181877272214,0.01534359423578486,0.08282419050658789,0.01387470019301803,8.585050828859283e-4,0.01189676039554136,0.02958406185896054,0.2668191536969817,0.04565731618091023,0.06650056472293059,0.14647634201609638,0.11062531521484334,0.19634244230236472,0.05393281572984223,0.01227473237815836,0.01250381809528545,0.1374939130518632
47,Tennessee,2015,6600299,47275,785,813,0.512947974023601,0.48705202597639896,0.7771369145549315,0.16823662079551244,0.00292320090347422,0.01622274990875413,4.407376090083192e-4,0.01368013782405918,0.02135963840426017,0.2692007375901618,0.0621150793553217,0.06148559278254301,0.1432685509089442,0.06717354940340722,0.1609438006637775,0.06840569783705641,0.01586525231882869,0.01209682737426084,0.16736587478287387
48,Texas,2015,27469114,55653,932,1016,0.503973335288499,0.4960266647115011,0.7494933036427749,0.12006841574868414,0.00483990856057461,0.04546280597182712,7.306751866842156e-4,0.05423746102622749,0.02516742986322747,0.20830149109524765,0.04498582115430324,0.06224218231919775,0.15618060488205107,0.06891945171428995,0.18693366816115575,0.07096147562783221,0.01503033761900812,0.01067856031133081,0.15851466965365643
49,Utah,2015,2995919,62912,925,1144,0.4971883418743965,0.5028116581256036,0.871632377243844,0.01152367604064061,0.01181841031082616,0.02301297197954951,0.00797284572780505,0.04525489507560117,0.02878482362173343,0.21185809687884088,0.0302970982502932,0.07701545797265018,0.1859313906434689,0.09162667793373974,0.2114309890817699,0.07639201836563528,0.01712220047774073,0.0134980989684543,0.11257450741401986
50,Vermont,2015,626042,56990,923,1191,0.5071384986949757,0.49286150130502426,0.947310244360602,0.01277230601141776,0.00430961500985556,0.01378022560786656,6.181693879963326e-4,0.00340073030243977,0.01780870931982199,0.2530491002019815,0.03676245970628331,0.0507096709479453,0.12042748954757052,0.0864371463613691,0.2230094789971139,0.1035121074924656,0.0249399298763946,0.01801419797836108,0.10207788445690484
51,Virginia,2015,8382993,66262,1144,1268,0.5077741326993831,0.4922258673006169,0.6821013688070597,0.19239321803083936,0.00271657151568658,0.0625642893892432,6.568059880283808e-4,0.0242387176036053,0.03532902866553748,0.20554118520723028,0.04055885704194559,0.06088947003492153,0.13741095924625502,0.07509782214468919,0.212691181038598,0.1146312308300081,0.02410507204698136,0.01830451700327053,0.11183240917104809
53,Washington,2015,7170351,64129,1080,1324,0.49999365442500654,0.5000063455749935,0.768951896497117,0.03661633858649318,0.01288681683783681,0.07923015205252854,0.00647848341036582,0.04043623526937524,0.05540007734628333,0.18940653024125675,0.04122889223314354,0.07466528024176806,0.16486545965344013,0.0964143436073036,0.2167394035236845,0.08909204849596487,0.02067836101342642,0.01523403896742978,0.12190344229737556
54,West Virginia,2015,1844128,42019,675,501,0.5073232443734925,0.4926767556265075,0.9342339577296151,0.0386057800760034,0.00116044005622169,0.00766595377327387,2.597433583785941e-4,0.00209855281195231,0.01597557219455482,0.3391502422045808,0.0678872639380104,0.05849284844737597,0.1295408071845438,0.06922690635653406,0.11708874631156144,0.05763923014395388,0.01205370566471872,0.00886917107510533,0.17934511035661224
55,Wisconsin,2015,5771337,55638,792,1034,0.503009961123393,0.4969900388766069,0.8603767203336072,0.06277401579564666,0.00896707296766763,0.0270633996940397,2.8468273469388464e-4,0.01771426620902574,0.02281984226531911,0.2757800018729282,0.03644988756051612,0.06911921596265574,0.1441922512316289,0.10497583948137752,0.18947296974200287,0.06768696174046573,0.01548814658444494,0.01121485931221687,0.12062937716172473
56,Wyoming,2015,586107,60214,815,902,0.4965049043945901,0.50349509560541,0.915054759625802,0.00806508026691372,0.02212565282448426,0.00833465561748963,4.436050072768283e-4,0.01810590898931424,0.02787033766871919,0.24337165302883365,0.04429616177102331,0.07998775553251858,0.18302649280894773,0.10858476078271986,0.17262641255109365,0.06622816381862753,0.01399624948874203,0.00961808065399861,0.110821063078458
72,Puerto Rico,2015,3474182,18626,433,268,0.5229187762759694,0.47708122372403056,0.6779046117906316,0.09835696575481652,0.00316160753811976,0.0020908518897398,0,0.17043263709270268,0.048053325933989637,0.24454843304962884,0.02725594600016957,0.01689257535909366,0.1150812205197341,0.09590997118184648,0.17806941036530136,0.0485195124838092,0.01101100260815621,0.01013210349016128,0.46064581626670376
01,Alabama,2016,4863300,46257,743,728,0.5155445890650382,0.48445541093496186,0.6819205066518619,0.26753480147225134,0.00503958217671128,0.01349104517508687,3.090494108938375e-4,0.0144619908292723,0.01724302428392244,0.25192163026594555,0.0544473269866238,0.06104287164621704,0.15443511750340003,0.0821125617404482,0.1535062272908914,0.06851974103776971,0.01482437279460528,0.01022415459932444,0.17088689690169148
02,Alaska,2016,741894,76440,1208,1360,0.47354608609855314,0.5264539139014468,0.6441553645129897,0.03201670319479602,0.1456488393220595,0.06143734819259894,0.01339409673079981,0.01713452326073536,0.08621312478602064,0.22379116026482876,0.05583660959054266,0.07208461825948792,0.1986111314101025,0.08522583729859631,0.18970834177191404,0.07554426235669202,0.0182273343202123,0.01211814987336909,0.09885243546676097
04,Arizona,2016,6931071,53558,976,975,0.5030742002210048,0.4969257997789952,0.7581720054519713,0.04323631946635664,0.04418465775346984,0.03180431999614489,0.00204008875396024,0.08453931578539593,0.03602329279270116,0.19992006759454256,0.03903351389814433,0.07455436819356005,0.1804460003428145,0.08448085761548536,0.18065393699519433,0.0776141927788918,0.01826967741070882,0.01221617025213291,0.16355752050849065
05,Arkansas,2016,2988248,44334,701,645,0.5084805544921305,0.4915194455078694,0.7663574107637653,0.15544760675820748,0.00631105584275468,0.01398177125861039,0.00294754652224313,0.02904611665430714,0.0259084922001119,0.27736670337532054,0.06525415383873379,0.06819972187165904,0.15773383680457867,0.06697738398591674,0.14198210654083904,0.05935045778638779,0.0131643730456661,0.00948932099708206,0.1722279145665366
06,California,2016,39250017,67739,1375,1691,0.5034083424728198,0.49659165752718015,0.5966936014320707,0.05771411513019217,0.00739192036528289,0.14272793818152996,0.00383492827531768,0.14374834538288225,0.04788915123272431,0.18189028909824845,0.02305517958111773,0.05682095141996304,0.1561636391637379,0.07724134674708918,0.2062847584159528,0.08376504762102811,0.02365785806174753,0.01553468127059815,0.1434706978048962
08,Colorado,2016,5540545,65685,1171,1292,0.4963129078457083,0.5036870921542916,0.8401557969477732,0.04225974159581774,0.00988043594989301,0.03175698419559809,0.00150255976623238,0.04116959613178848,0.03327488541289711,0.17970575938204345,0.03979569115628169,0.05826849563183185,0.15194769411662937,0.08611092867025176,0.249438393637602,0.10938762346128934,0.02343581881860555,0.01631742146454978,0.11046123232048546
09,Connecticut,2016,3576452,73433,1115,1613,0.512043500094507,0.48795649990549295,0.7666514187804002,0.1059519322501742,0.00276447160481952,0.04528230771725721,3.5202485591865907e-4,0.04781498535420019,0.03118285943722997,0.24205739914747804,0.03300270652828887,0.04875560077917541,0.1194754546371838,0.07548940588077255,0.21937872633915204,0.12055093391232534,0.03033751165541546,0.01615488198296658,0.0977451020517571
10,Delaware,2016,952065,61757,1048,1095,0.5165960307331957,0.4834039692668043,0.6922752123016811,0.22047969413853047,0.00425916297731772,0.0374407209591782,0.00215636537421289,0.01638018412608383,0.0270086601229958,0.28480092733043844,0.03589179333692553,0.06642547623036554,0.1179871012924366,0.07882912457531314,0.18371074052104985,0.08855522702540349,0.01944163961198224,0.01780854792188328,0.11674959864661914
11,District of Columbia,2016,681170,75506,1376,1957,0.5249482508037641,0.4750517491962359,0.4070466990619082,0.4705932439772744,0.00294199685834666,0.03880969508345934,6.019055448713243e-5,0.05451208949307808,0.02603608497144619,0.15406178799478504,0.02347977124196618,0.03492600352384007,0.094627185218199,0.02933617684178957,0.2397065132727144,0.20615713994143595,0.0796321210934734,0.04280674278050141,0.1857596803231355
12,Florida,2016,20612439,50860,1086,958,0.5114183236636868,0.4885816763363132,0.7555711868935064,0.16060341039699377,0.00255855214416886,0.02713861275708323,6.083705087010809e-4,0.02767377504428272,0.02584609225526392,0.2468338689025346,0.042191436410675943,0.0637394566295723,0.13764889053896812,0.0971948433829892,0.1819890420562321,0.07217680537057719,0.02090110694125297,0.01115109281212834,0.1472666848989037
13,Georgia,2016,10310371,53559,933,990,0.5132910348230922,0.4867089651769078,0.5872592751512046,0.3156525599321305,0.00367969300037796,0.03868890847865707,6.307241514393614e-4,0.02902126412327936,0.0250675751629112,0.2285489643565334,0.04911799534146501,0.05484500165428836,0.15062645579218306,0.07637108819751835,0.187207229645437,0.08261759263830624,0.02138195344559896,0.01331138423039484,0.15965945303286258
15,Hawaii,2016,1428557,74511,1483,1577,0.4973550232857352,0.5026449767142648,0.25059833104314355,0.01812878310070932,0.00185431872861915,0.3804174422161664,0.10119862210608328,0.00862478711034981,0.23917771569492852,0.2577156771823032,0.02256752952004012,0.05436975307209237,0.16025236720396957,0.10521455955323092,0.2137875566256987,0.06842311872500471,0.02219010895748165,0.01508774018933595,0.09325254310723298
16,Idaho,2016,1683140,51807,790,884,0.5002180448447544,0.49978195515524554,0.8972034411873047,0.00679503784593082,0.01580141877681001,0.01450027923999192,0.00141105315065888,0.03929381988426393,0.02499494991503974,0.22378536971207572,0.05477229562250233,0.08383512759078973,0.169539164785034,0.09599775583689348,0.18704087779888068,0.0604020179073179,0.01622603505125245,0.01262985564696739,0.14368035183517772
17,Illinois,2016,12801539,60960,950,1163,0.5086743867280332,0.4913256132719668,0.7127082923389133,0.14166085812026194,0.00238018257023628,0.05349224026892391,3.7893881352859214e-4,0.06427227226351456,0.02510721562462138,0.2241729839718996,0.03553101196865307,0.0646055223762954,0.14579031412824073,0.07881958897980536,0.2093241959608869,0.09580011768888934,0.02176286600488689,0.01266396152249585,0.12969929668373772
18,Indiana,2016,6633053,52314,768,818,0.5074158159146324,0.4925841840853677,0.834671153690465,0.09313132278605342,0.00264056385498502,0.02132517258643945,5.31580254220794e-4,0.02378316591168501,0.02391704091615128,0.2847654770230498,0.05259510592417752,0.06642298277821487,0.13851666994492526,0.08517462190750939,0.16306900552204448,0.06871753613369468,0.01461283766063467,0.00967951379782615,0.14085257377653665
19,Iowa,2016,3134693,56247,741,847,0.5034065536880326,0.4965934463119674,0.9041274536294304,0.03568674827168083,0.00334578218664475,0.02386358089930975,0.00125977248808735,0.01343959360613623,0.0182770689187107,0.273099922377361,0.03812469454054106,0.07230500905597455,0.13764650075226878,0.11214794300006709,0.19081848760433537,0.06472530210539429,0.01689969430096501,0.01177132945539573,0.1175645869909591
20,Kansas,2016,2907289,54935,789,885,0.5016480989678013,0.49835190103219873,0.845793452250533,0.0572873904176709,0.0074364812029351,0.02742795779848511,0.00100506004047069,0.02549557336749115,0.03555408492241397,0.2217485158060315,0.04057219694535122,0.0780602515095648,0.1536299325135734,0.08299963635133535,0.20659314057135125,0.0903740929925748,0.01988809346616376,0.01160504372240921,0.12121744004665476
21,Kentucky,2016,4436974,46659,707,756,0.5087160754153619,0.4912839245846381,0.8713896002095122,0.08252403552511238,0.00251072014395396,0.01381820132369493,5.199489562030339e-4,0.00847221552346261,0.02076527831806091,0.2568581833671673,0.06639205557386074,0.06564794163529471,0.1480185838199785,0.08558445325986334,0.1399031016097765,0.06776711403637913,0.01710160109684197,0.00969284352008289,0.18471009103844588
22,Louisiana,2016,4681666,45146,808,692,0.5104563204636982,0.48954367953630185,0.6197569412256235,0.3235504198719003,0.00544848778191353,0.01664386139464028,2.2000715130041315e-4,0.01456917259795978,0.01981110997666215,0.28613106817933753,0.05392228621325064,0.05394058465114189,0.15604683115999254,0.06012417255747956,0.1519409185173771,0.05443111119671784,0.01800405775885869,0.00930010080192101,0.20197614747151188
23,Maine,2016,1331479,53079,797,945,0.5112938318967104,0.4887061681032897,0.944153080897258,0.01499310165612826,0.0059279943581536,0.01314252797077535,1.6072352624412403e-4,0.00184005906214067,0.01978251252930012,0.2822033398546819,0.04717718031511459,0.05971430906639877,0.13472602576743098,0.09826923892655362,0.18770930994062504,0.08228900368209616,0.01879017431761209,0.01241918580049639,0.12480911995715951
24,Maryland,2016,6016447,78945,1314,1572,0.5150338729818446,0.4849661270181554,0.5646613358349205,0.29811498381021223,0.00253205920371275,0.06258145380487853,4.122034150720517e-4,0.03828272733059894,0.03341523660060497,0.2218591207100144,0.03198392823009682,0.05768454542720111,0.13132539706411728,0.0651266170981354,0.2087299769945868,0.12819914479244188,0.03128580951207372,0.02502360213733969,0.09663191277791792
25,Massachusetts,2016,6811779,75297,1179,1647,0.5146910961145392,0.4853089038854608,0.785429914857778,0.07438247776388518,0.00184195641109319,0.06471804208562844,5.516914157079964e-4,0.04189977390634664,0.03117614355956058,0.21659730323436308,0.0280335440500982,0.04712560404356199,0.10826935504170795,0.0768598301644733,0.2378194463687582,0.13312511964531049,0.02973189931708307,0.02668251713638137,0.10443732812675638
26,Michigan,2016,9928300,52492,818,876,0.5081514458668654,0.49184855413313455,0.7849763806492551,0.13731817128813595,0.00515304734949588,0.02946264718028262,2.988427021745918e-4,0.0119477654784807,0.03084314535217509,0.2517723058480842,0.04086458172161951,0.07636971884216352,0.16003515767257628,0.09261697751110066,0.171992286849214,0.08094799687947551,0.01763637724502182,0.01192577009473697,0.1496483161091042
27,Minnesota,2016,5519952,65599,912,1128,0.5021793667771024,0.4978206332228976,0.8327184729142573,0.06002008713119244,0.01145462859097325,0.04690240060058493,2.630457656153532e-4,0.02026321968017113,0.02837814531720565,0.22043962834501432,0.03133641122030192,0.06612249324413742,0.14774367477584924,0.11536358445787875,0.23088849894088584,0.08185606301588362,0.02113987044742641,0.01427274115818851,0.0988213728394476
28,Mississippi,2016,2988726,41754,728,625,0.517876847860928,0.482123152139072,0.5851101773799271,0.3797464203811256,0.00443667301719863,0.0089362490907497,2.111267476510058e-4,0.01023278815120556,0.01132656523214239,0.24400083392010924,0.0642915613621104,0.05713425807170282,0.16718360856444128,0.09079867267715948,0.13534083929562366,0.05779853266851369,0.01407751164779956,0.01059517981913335,0.2083615922325533
29,Missouri,2016,6093000,51746,771,866,0.5085096011816839,0.4914903988183161,0.8225023797800755,0.11536944034137536,0.00506942392909896,0.01925734449368127,0.00150878056786476,0.01165780403741999,0.02463482685048416,0.26288966744592474,0.04416728504198238,0.07225842960009357,0.1528791214977673,0.07892329412130121,0.177022208611764,0.07866777448462926,0.0170242081196521,0.01183956181658203,0.13989991608921612
30,Montana,2016,1042520,50027,741,827,0.4954312627095883,0.5045687372904117,0.8895503203775467,0.00378793692207343,0.06352971645627901,0.00808809423320416,5.544258143728658e-4,0.00358554272340099,0.03090396347312282,0.24168837073543115,0.04796973405031602,0.0645775564960652,0.1714864667647092,0.0928045398924526,0.2090101822019152,0.068365010047487,0.02092150611268902,0.01127535727516643,0.13322594427883175
31,Nebraska,2016,1907116,56927,769,930,0.5018006246080469,0.4981993753919531,0.8782176857621665,0.04712822922150514,0.00831884374102047,0.02178577496072603,6.433798468472814e-4,0.02010784870977958,0.023798237757954942,0.230226238523259,0.03375729607177887,0.0710078628740493,0.1551985013908765,0.10435191587207152,0.21058593687189464,0.07241401488961426,0.01844157514752938,0.01289012879677123,0.11423291082072036
32,Nevada,2016,2940058,55180,1003,1103,0.4989374359281348,0.5010625640718652,0.6689289803126333,0.0887713779796181,0.01165521224411219,0.08311842827590477,0.00688421793039457,0.0932950982599663,0.0473466849973708,0.24817194781683172,0.04281287768388698,0.07460571667304947,0.18248193334361212,0.07775849120416192,0.15345939789417143,0.05687080040385754,0.01621647161806616,0.00809605045235028,0.1378789929054903
33,New Hampshire,2016,1334795,70936,1026,1440,0.5020044276461929,0.49799557235380715,0.9343419776070484,0.01248955832168984,0.00108630913361227,0.02448241115676939,4.944579504717953e-5,0.00603613288932008,0.02151416509651295,0.2297269060539096,0.04069182111175133,0.06093272800569024,0.12826065391426214,0.10288037180794143,0.22526820784604248,0.10658979765424983,0.02046463328922124,0.01353122566183966,0.07296470123930648
34,New Jersey,2016,8944469,76126,1244,1848,0.5114063227230147,0.4885936772769854,0.6809692112522275,0.13355572030044488,0.00225670187911658,0.09549823471913202,4.197007111322092e-4,0.06076716236592692,0.02653326877201989,0.24971415478291645,0.02674435261243731,0.04896703575917184,0.11701261932093288,0.06487130807567833,0.236667848505924,0.1086966948903709,0.0248204068854344,0.01544714683045619,0.10444316754218348
35,New Mexico,2016,2081015,46748,804,752,0.5049415789890991,0.4950584210109009,0.7398476224342448,0.01972258729514203,0.0932876504974736,0.01554337666955788,6.862036073742861e-4,0.09924291751861472,0.03166964197759266,0.22333422692993507,0.04295372726808832,0.06114428758190603,0.17101714052441425,0.08385481762364155,0.15501936565182362,0.08337471907407101,0.01590362380972573,0.01754228352981678,0.19831974224410612
36,New York,2016,19745289,62909,1194,1358,0.5147171560770775,0.4852828439229226,0.6346051962065483,0.15601361924862178,0.00369971794284702,0.08447766958488175,4.677571445016581e-4,0.08949511957004022,0.03124092030255925,0.2223872662959315,0.03943497066559481,0.04669606357067063,0.11083449688550824,0.08728955720956068,0.2013842950631599,0.11146810304570402,0.0286866635534444,0.01498338312731184,0.14731122373258976
37,North Carolina,2016,10146788,50584,839,898,0.5137987508953572,0.4862012491046428,0.6887958041500424,0.215064313948414,0.01190948307976869,0.02714435346436724,5.99302951830668e-4,0.02998909605680142,0.02649764634877559,0.21410140922485,0.04412721193337099,0.0638818062913823,0.15163239028759587,0.0952229727715628,0.19566363272181855,0.0790841019981286,0.01658178455283666,0.01273457090364735,0.1539424357575986
38,North Dakota,2016,757953,60656,776,759,0.4852174211329726,0.5147825788670274,0.8719788694021925,0.02539735313403337,0.05494931743788862,0.01213795578353803,3.074069236483001e-4,0.0067471202040232,0.02848197711467597,0.23398280860175957,0.03707564417239881,0.0619617587345838,0.15866993929476886,0.1364685918608527,0.2173227073927053,0.05767501994889044,0.0115511651162086,0.00904417037867539,0.10722655956400946
39,Ohio,2016,11614373,52334,759,903,0.50995202237779,0.49004797762221,0.8159046553782973,0.12428651981471578,0.00155677796812621,0.0205801036353835,3.4706996236473546e-4,0.00939120863433609,0.02793366460677645,0.294497858574934,0.0386260595569764,0.06695883811043617,0.1388624753078776,0.08615270697865114,0.17195083451137275,0.07552592690210287,0.01646743189682583,0.01119645506390319,0.14577155538285563
40,Oklahoma,2016,3923561,49176,744,757,0.5047170159964379,0.4952829840035621,0.7242061484452517,0.07324290357662337,0.07593815923850808,0.02019746857510307,0.00156566955375486,0.02746943401670064,0.0773802165940583,0.26220234901051315,0.0498670884993055,0.0725398151215802,0.1622624663832673,0.079167502710336915,0.16834497572751353,0.06112179173102258,0.01374844651420341,0.00902304991841769,0.16285293000450723
41,Oregon,2016,4093465,57532,1015,1199,0.5050554969933785,0.4949445030066215,0.8442261018477012,0.01943952128575668,0.01109720004934694,0.04139744690622736,0.00362113759370117,0.02950532128648956,0.05071327103077711,0.184314852033904,0.04518270425815409,0.08241705948875279,0.1784452643011499,0.0855560205349845,0.2003210690732385,0.08676597787506578,0.02314734467198889,0.01675850399166956,0.1334852060988119
42,Pennsylvania,2016,12784227,56907,881,975,0.5101096061576503,0.4898903938423496,0.8088777678932015,0.11006117147325371,0.00184258305175588,0.03310172762107556,2.672824880221542e-4,0.02052497972697136,0.02532448774571978,0.31245066254949155,0.03864245304430913,0.05389580221867916,0.1065205854084998,0.0818447709167533,0.187959616564718,0.0857804465939436,0.01968543960277853,0.01454857248535217,0.1287202496455442
44,Rhode Island,2016,1056426,60596,948,1406,0.5159547379560897,0.4840452620439103,0.8046990513296719,0.0639192901348509,0.00502070187594777,0.03490542640942196,0.00136024671865327,0.05896484940734135,0.03113043412411281,0.22857318011838512,0.04940024112963102,0.05760001089851439,0.126815113514839,0.08198816148873707,0.20597511051774756,0.0959546076875396,0.02317977780653774,0.01583009216056236,0.12789942237954427
45,South Carolina,2016,4961119,49501,841,806,0.5151611964961937,0.4848388035038063,0.6737496117307405,0.26962546151382377,0.00322709453250365,0.01549448823944759,5.162141847434016e-4,0.0155984970326251,0.02178863276611587,0.24639601992164029,0.04331209664757844,0.06108793451687425,0.14936006629529028,0.0937144014005116,0.17444007276427514,0.07147785612174913,0.01564508646364914,0.010685039528094629,0.15267552467949363
46,South Dakota,2016,865454,54467,706,834,0.4966017835725527,0.5033982164274473,0.846883832069642,0.01678194334996429,0.089407409290384,0.01496671111347339,2.518909150572994e-4,0.00681029840985193,0.02489791485162701,0.24697204776866336,0.04267583681749586,0.06455625965286785,0.15389277850622202,0.11502684248286782,0.196153343205618,0.06331397752936062,0.01621151664445991,0.01282218931460662,0.13252485393387253
47,Tennessee,2016,6651194,48547,806,809,0.5118082557808418,0.48819174421915823,0.7784283543676519,0.16755397602295166,0.00286459844653456,0.01749685845879702,7.213742374677388e-4,0.01190853852706747,0.02102629993952965,0.26494909213160106,0.05885759801095512,0.06449419707289145,0.14744661046413257,0.07258242294682053,0.16700285695478748,0.06708432014681046,0.01620980571205412,0.01098052261023264,0.15767790943240842
48,Texas,2016,27862596,56565,956,1014,0.5036014232126826,0.4963985767873173,0.7430287185013198,0.1206737161174788,0.00485507524137377,0.04666830039813949,9.054432688181676e-4,0.05821736782889864,0.02565137864397129,0.20822940623157551,0.04350845668816468,0.06038087726325548,0.15729783159533914,0.07086099346958248,0.1891772168989743,0.07207031337902975,0.01660159502410088,0.01107386212762893,0.15645717761309727
49,Utah,2016,3051217,65977,954,1176,0.49589131156518856,0.5041086884348114,0.8630271134435866,0.01074980901063411,0.01038995259924154,0.02299082628341412,0.00965614703903393,0.05400304206485477,0.02918310955923489,0.1986845322345119,0.02820814201533833,0.0813719266684761,0.18337479335413437,0.0999263140658261,0.2137284634071389,0.07864823882766464,0.01882468131113857,0.01457287953863857,0.10215941424989716
50,Vermont,2016,624594,57677,925,1162,0.5070814000774904,0.4929185999225096,0.943619375146095,0.01263700900104708,0.00348546415751672,0.01505938257492066,4.034620889729969e-4,0.00506408963262535,0.01973121739882227,0.25506241426143694,0.03788080434431469,0.05116217698031908,0.1214456175792776,0.09213468831544055,0.21128029429228576,0.10617590652534448,0.02797551204264235,0.01823629377358877,0.11886641214377489
51,Virginia,2016,8411808,68114,1159,1262,0.5083714464238841,0.49162855357611585,0.6784552143843512,0.19043088002008604,0.00275279702056918,0.06328247149720964,9.96099768325668e-4,0.02717929367860036,0.03690324363085796,0.20053754710790953,0.03941953861559508,0.06071254968168241,0.13446927754151117,0.07667466094802587,0.2170448262969849,0.12151861165533712,0.02491307289606519,0.01733438230237051,0.10988152960914
53,Washington,2016,7288000,67106,1135,1353,0.5005864434687157,0.49941355653128433,0.7569431942919869,0.03663240944017563,0.01298531833150384,0.08194497804610318,0.00661114160263446,0.04805858946212953,0.05682436882546652,0.1835358562049252,0.0389746535362865,0.07493002678845724,0.16098691998787165,0.09835776850249822,0.2198532789091684,0.09452873029517338,0.02182763924343873,0.01517445519963254,0.11258476090877054
54,West Virginia,2016,1831102,43385,682,527,0.5079940931744927,0.49200590682550727,0.930693647868879,0.03807597829066868,0.00210310512467355,0.00771830296728418,2.2063216576684425e-4,0.00409261745113052,0.01709571613159725,0.32724498493137644,0.06929089604314125,0.05792265882824711,0.12297591574885988,0.07415791050483954,0.12559870006510512,0.06100373367436754,0.0128901952921486,0.00856275599822567,0.17925703360658546
55,Wisconsin,2016,5778709,56811,802,1018,0.5028438012711836,0.4971561987288165,0.8551543259921897,0.06258370165377769,0.00910376348765788,0.0268662083520731,2.654572154437955e-4,0.02174257260574983,0.02428397069310809,0.2753601338713339,0.0354724967069879,0.06935295776173313,0.13718735452844144,0.1068845245337982,0.1928399582135133,0.07335669098618498,0.01762832450578123,0.01113509701324247,0.1175370631768488
56,Wyoming,2016,585501,59882,840,904,0.49068404665406207,0.5093159533459379,0.9202699909991614,0.01019639590709495,0.02253454733638371,0.01026812934563732,7.173343854237653e-4,0.00987530337266716,0.02613829865363167,0.23849905576851232,0.05481148635854184,0.07709176701791737,0.17357994237373142,0.11668807607076874,0.17360809019585766,0.06670522065333655,0.0167633075226334,0.01395364309585101,0.11321167640400652
72,Puerto Rico,2016,3411307,20078,463,255,0.523476778841658,0.47652322115834195,0.6679935285801014,0.11581162293513894,0.00236917990670438,0.00166827553192955,5.657655555480641e-5,0.16875819150841598,0.04334262498215494,0.24916438221614817,0.02801453673535545,0.01742266767894909,0.10837885723656172,0.1002218618436833,0.18258180075263564,0.04760355063259923,0.01124611488843464,0.01145267446169099,0.4347949079785281
01,Alabama,2017,4874747,48123,750,716,0.5158936453522613,0.48410635464773866,0.679567165229293,0.2682122785038895,0.00516560141480162,0.0137254302633552,3.2432452391888237e-4,0.01380748580387864,0.01919771426086318,0.25689787337288084,0.05431188657746977,0.0587556166034215,0.155499429388444,0.08426317686661891,0.1595412990122392,0.06898522996839201,0.01565714599950991,0.01104421159370281,0.16888918814281145
02,Alaska,2017,739795,73181,1201,1373,0.4785366216316682,0.5214633783683318,0.6418751140518657,0.029882602612886,0.1486195500104759,0.06675497941997445,0.01193573895471042,0.01524611547793645,0.08568589947215106,0.2192847842744741,0.05717448049156804,0.07580971050396523,0.18788481625380793,0.08871980912075521,0.17950789204275264,0.07684384740458633,0.02216333963921497,0.00947335851532827,0.11105497507189732
04,Arizona,2017,7016270,56581,1020,1009,0.502909380625318,0.4970906193746819,0.7756852287611509,0.04384879715290318,0.04531952162616319,0.03313968818189722,0.0023449781721627,0.0616927512766755,0.03796903482904734,0.20157546798569076,0.03964840740320952,0.074563151801963,0.17564241508081951,0.08661401947037821,0.18318736705012267,0.07918708008427287,0.01919975582432426,0.01199101236542638,0.14861800504574998
05,Arkansas,2017,3004279,45869,711,666,0.5074751712474108,0.4925248287525893,0.7633468795674436,0.1525713823516391,0.00636092719750728,0.0159389324360354,0.00284627359842411,0.03058637363573756,0.02834923121321288,0.2774181213086251,0.06279582035034889,0.0664385246350574,0.1546008311101684,0.07146093553170238,0.15001707828826755,0.05816725569334365,0.01532166433147214,0.01056812444545354,0.16403029707635064
06,California,2017,39536653,71805,1447,1745,0.5029915405332869,0.497008459466713,0.5863361524305054,0.05746356425264425,0.00793843120711305,0.14582177707354235,0.00389317224197,0.1495271488964936,0.0490197538977313,0.18506186431691748,0.02263427492945553,0.0558452998325704,0.1556252676000579,0.07761309687861434,0.2105173180693492,0.08568483106717338,0.02432671235082005,0.01592134838156947,0.1330189572471362
08,Colorado,2017,5607154,69117,1240,1353,0.4970409230779108,0.5029590769220892,0.8418700467295887,0.0409184409773657,0.01012848942618661,0.0319682676808948,0.00149808619488603,0.03909095416319937,0.03452571482787881,0.1740662384865994,0.039324784383742,0.05992829012984593,0.14907662553361165,0.08197368544986641,0.2603025377884433,0.11034863848576217,0.02404928431414616,0.01730084341775185,0.1029183469801047
09,Connecticut,2017,3588184,74168,1125,1616,0.5121077960327564,0.4878922039672436,0.758883323709152,0.1060642375084444,0.00314030718603059,0.04568439076702867,1.4631356697426888e-4,0.05333422143346049,0.03274720582890955,0.24039258112142892,0.03103910653951674,0.05287799526355592,0.1122696035934742,0.0806755327296626,0.2140426023335769,0.1247238210416488,0.03080172295571432,0.01722554728544654,0.09594255300087522
10,Delaware,2017,961939,62852,1086,1160,0.5160711853870151,0.4839288146129848,0.6882806498125141,0.21867914701451965,0.00283697822834919,0.04047034167447208,2.5365433774906723e-4,0.01909892415215517,0.03038030478024074,0.2913063355925461,0.03274522552049471,0.05353532654678886,0.136413700151109,0.07685628022550565,0.18026498992112053,0.09770575609408536,0.01859620060384214,0.01824292029224297,0.13582160272186553
11,District of Columbia,2017,693972,82372,1499,1977,0.5258050757091064,0.4741949242908936,0.41001077853285145,0.4585487598923299,0.00243525675387479,0.04106649836016438,4.351760589764429e-4,0.05780636682748007,0.02969716357432288,0.14632218255043328,0.02559571706421573,0.03526790588216266,0.0901005632675177,0.03178640313456554,0.23891762060920232,0.2085343318223908,0.08065481365266652,0.04510588054523325,0.16638360867156493
12,Florida,2017,20984400,52594,1128,968,0.511338565791731,0.488661434208269,0.7514303482587065,0.16176340519624102,0.00303249080269152,0.02802496139989706,6.641600426983854e-4,0.02868950267817998,0.02639513162158556,0.24707511769002455,0.04120643851267532,0.06176458506447693,0.13678687008814877,0.10036060160942178,0.18904570831622025,0.07505710485302537,0.02102132351702646,0.01144307420611621,0.14047239853144786
13,Georgia,2017,10429379,56183,958,1004,0.5138041296610277,0.4861958703389722,0.5870873040475373,0.315652638570331,0.00353376744674826,0.03939975716674981,8.240183811519362e-4,0.02606415971650853,0.02743835467097322,0.23315225319626115,0.04766179825888127,0.0541027542529567,0.14804947081115993,0.07838775549860166,0.1901980938006904,0.0848974467323644,0.02142161296955667,0.0125707182658534,0.14945739170064995
15,Hawaii,2017,1427538,77765,1573,1608,0.49819199208707576,0.5018080079129242,0.25016006579159367,0.01638205077553102,0.00186404845265064,0.3822238006974245,0.10176331558249238,0.01504408288956231,0.2325626358107455,0.25871666479577926,0.02241156048044388,0.05662574768678138,0.14828853894385735,0.10722890841738963,0.21748364309883095,0.07749983963822384,0.0215456068891419,0.01289408906493048,0.09545857189154154
16,Idaho,2017,1716943,52225,822,926,0.49752554394642107,0.502474456053579,0.9004439867834867,0.00660883908201961,0.01257409244220687,0.01346171655086977,0.00179330356336814,0.03441756657035207,0.03070049500769682,0.22328537454982425,0.05826920240189676,0.08389189305874861,0.17861948500973207,0.09669559304471716,0.18240887651242865,0.05986752870151504,0.01272364875317956,0.01272904546550241,0.128259800971366
17,Illinois,2017,12802023,62992,974,1172,0.5082886509421206,0.4917113490578794,0.7123805354825562,0.1420858250293723,0.00233634949726305,0.05428579529969599,3.7962750105979343e-4,0.062327336859182333,0.02620453033087036,0.22475493154575651,0.03620281801302093,0.06407744890150599,0.1420227293791691,0.07955294194123226,0.2101632043984552,0.09848436733559916,0.0224064227442177,0.01324201736591364,0.12554287843937645
18,Indiana,2017,6666818,54181,793,835,0.5070883890935676,0.4929116109064324,0.8366655576918404,0.09359202546102204,0.00185950778917318,0.02225439482523746,2.1614509350637744e-4,0.0188583219160925,0.02655404722312803,0.27422932791500587,0.05286499251350016,0.06515317845376102,0.1368928083381639,0.08885317554528797,0.16983408401248434,0.07227172262997211,0.01467133014393334,0.01140166531501581,0.13479208915848603
19,Iowa,2017,3145711,58570,760,879,0.5033666474765164,0.4966333525234835,0.8999765076957165,0.03403872765171371,0.00343038505444397,0.02597632141032663,0.00186794018903834,0.01317953238552429,0.02153058561323656,0.2650239337048554,0.04025676378486362,0.07348122578392853,0.13689849940947768,0.11592576372707696,0.19419659593611757,0.06771832013712152,0.01541327727231699,0.0119967009072505,0.10728072033724342
20,Kansas,2017,2913123,56422,815,905,0.5013691491914347,0.4986308508085652,0.8452149119690449,0.05739785103478295,0.00735499324951263,0.02946665829077591,0.00127423387203355,0.02450462956764956,0.03478672201620048,0.2196754261423303,0.03800994262095385,0.0771030932598523,0.14983292448312652,0.08797350314618635,0.2118855695479405,0.09468540236741071,0.01881148505036418,0.01209853570018398,0.11901034740338744
21,Kentucky,2017,4454189,48375,724,765,0.5072391405034676,0.4927608594965324,0.8694444712606493,0.08119031320853247,0.00174599685823839,0.01456561452601135,7.918388734739365e-4,0.00946906384080244,0.02279270143229216,0.26312599103066525,0.06714082663757932,0.06410599966279701,0.1493024237210715,0.0800227761081408,0.14041821783909852,0.0707768554197432,0.01881645722871472,0.00965831531660148,0.1724005812481454
22,Louisiana,2017,4684333,46145,836,708,0.5112014880240153,0.4887985119759846,0.6171247859620569,0.32477174445113105,0.00509101295744773,0.01810631310797076,3.238454652989017e-4,0.01613591518792536,0.01844638286816927,0.2874622990202472,0.05274018941267073,0.055467190893629,0.1582952410955822,0.05942068604806561,0.1546141576533109,0.05726799255322524,0.01718917903763031,0.00889632555058413,0.19745919042608265
23,Maine,2017,1335907,56277,806,939,0.5098738160665376,0.4901261839334624,0.9443853501778192,0.01225534412200849,0.0069915046481529,0.0113458496736674,1.7067056314548843e-4,0.0019619629210716,0.02288931789413484,0.2600572169510363,0.04940416160701422,0.06171300965278778,0.1280661493815218,0.10312840883363862,0.19949780805565276,0.08718278551876016,0.02067837075761006,0.01331014468890855,0.11067493790423728
24,Maryland,2017,6052177,80776,1337,1566,0.514914715812178,0.485085284187822,0.5489732041875179,0.29851621986600857,0.00312796535858088,0.06465904747993986,3.540874630732049e-4,0.05044515386777353,0.03392432177710599,0.21399226030112267,0.03095135718268818,0.05851635616051813,0.13075498535849375,0.06847555573898095,0.21333360847143823,0.12827826252206304,0.02965708834140671,0.02526103727705415,0.0928389370698978
25,Massachusetts,2017,6859819,77385,1208,1694,0.5140877623739052,0.4859122376260948,0.7853576020008691,0.07753659389555322,0.00220078693038402,0.06599547305839994,1.4475600595292674e-4,0.03817024909840916,0.03059453901043161,0.21579664756076605,0.02718304597215078,0.04833799129719856,0.10686858068155168,0.07532515427873815,0.2394421051950132,0.13648471058079306,0.03052788377664912,0.02763516396220753,0.10452349615942393
26,Michigan,2017,9962311,54909,835,885,0.5074193126474369,0.49258068735256305,0.7844339531259363,0.13798153862090834,0.00536632514283081,0.03092174094946443,2.962164100277536e-4,0.01143590076639848,0.02956432498443383,0.25010756220204095,0.03875436077843652,0.07478571878973092,0.15896593643638432,0.0953052434923768,0.1761725159876879,0.08626239311601908,0.01748344040672736,0.01124952524522275,0.14159681116687675
27,Minnesota,2017,5576606,68388,939,1157,0.50136086357903,0.49863913642097,0.8267510740403751,0.06475802665635694,0.01090322680139138,0.04898929563967761,3.665311840212488e-4,0.01985670136997306,0.02837514430820466,0.2174120054541374,0.03108048452049747,0.0667385486404885,0.1420759387002384,0.11294680098750376,0.2352520209526955,0.08754647450148421,0.02297576550596863,0.01472760013720035,0.09493958626803524
28,Mississippi,2017,2984100,43529,742,595,0.5152732817264837,0.4847267182735163,0.5817120739921584,0.3801256660299588,0.00460641399416909,0.00928052008980932,3.669448074796421e-4,0.01035957240038872,0.01354880868603599,0.24215386703998948,0.06183150355144919,0.05871668076154176,0.16134965786966127,0.1010952151769396,0.1353618384956983,0.05971752747479892,0.01407003681339797,0.00954504601291965,0.19766382419024373
29,Missouri,2017,6113532,53578,800,872,0.5088446416899429,0.4911553583100571,0.8200819100971419,0.1142351099168206,0.00418203421524578,0.02036760419345151,0.00146494694065558,0.01328806326686439,0.02638033136982026,0.26161037521610014,0.04620175771485022,0.0690679533283939,0.15090831330454005,0.07865261940473824,0.17921631699104276,0.08026480173000584,0.01804916541674949,0.01301407738041455,0.13422111030821204
30,Montana,2017,1050493,53386,759,879,0.49894287729665976,0.5010571227033402,0.8858202767652902,0.00441221407472491,0.06178813185808948,0.00701194581972464,0.00109472409621006,0.0074136619663339,0.03245904541962678,0.23481965437093907,0.04589133661108854,0.0663814522169067,0.1688195935694091,0.09088723250781436,0.21740139788244853,0.07397473420058424,0.01878767276616561,0.01293690735781424,0.1247197448934274
31,Nebraska,2017,1920076,59970,801,975,0.5003984217291398,0.4996015782708601,0.873450842570815,0.04632733287640697,0.00813457383978551,0.02453965363871013,6.478910209804195e-4,0.02021951214431095,0.0266801939089911,0.22792542251205872,0.03499294026463287,0.07498248963275082,0.15644262396625302,0.10208186751838788,0.20911587336629464,0.07579011065281507,0.01854510686485808,0.01322846701300928,0.10772381045319183
32,Nevada,2017,2998039,58003,1051,1139,0.4975875897545029,0.5024124102454971,0.6460419627629927,0.09157652718993982,0.01264493223737249,0.08506393679335059,0.00692485988341045,0.11131643050674124,0.04643135062619265,0.24801132232766893,0.03933442549850231,0.070159171763976,0.1811659670993321,0.08021985478727013,0.16484746847100107,0.05858819879991082,0.01689527816283601,0.00845006252484029,0.13002157209931764
33,New Hampshire,2017,1342795,73381,1072,1477,0.5042124821733772,0.4957875178266229,0.9307087083285236,0.01668832547038081,0.00132931683540674,0.02655878224151862,4.170405758138808e-4,0.00336462378844127,0.02093320275991495,0.23703007813111623,0.04330666332639182,0.06214581343521171,0.1163616056283631,0.10227295264638492,0.22625142875037188,0.10876352419872548,0.01954582700507826,0.01484439016497826,0.07696216331074496
34,New Jersey,2017,9005644,80088,1284,1848,0.5117675093530235,0.4882324906469765,0.6787119277644108,0.13520099173362837,0.00198131305212597,0.09841172935550196,4.18737405120611e-4,0.05978151035062012,0.0254937903385921,0.247436137208563,0.02473447110275051,0.04820934606541816,0.11453567208989664,0.06706960483679784,0.24170179089452976,0.11421231212320784,0.02590087669687794,0.01544091959981637,0.09994938400217412
35,New Mexico,2017,2088070,46744,813,743,0.5047369101610578,0.4952630898389422,0.757647013749539,0.02127850119967242,0.09572811256327614,0.01409291834086022,8.064863725832947e-4,0.07713151379024649,0.03331545398382238,0.2204782694622613,0.04585709409080292,0.06248046138090875,0.1770351605310911,0.08446504608419124,0.15235271923678112,0.08322391706642232,0.01838337016475322,0.0166161806715895,0.19653534632594769
36,New York,2017,19849399,64894,1226,1379,0.5144489765156114,0.4855510234843886,0.6309186993520559,0.15803924340480033,0.00383230746684068,0.08739121018223273,3.726561192104607e-4,0.08911393236641572,0.03033195110844414,0.22270570891009503,0.04022970043264184,0.04610686013273008,0.10828194101611938,0.08813547255029472,0.20222077323333573,0.11519136059188204,0.02833002390831662,0.01458737243808973,0.14077471010619938
37,North Carolina,2017,10273419,52752,861,896,0.5134494173750725,0.4865505826249275,0.687866911687336,0.2147852628224353,0.01167177158840693,0.0287802921305945,8.161839792575383e-4,0.0300913454420578,0.02598823234991194,0.21584023309353137,0.04170623435082894,0.06114414080016478,0.15168644514485027,0.0941505624582957,0.20121610284951696,0.08170903788127477,0.01731580554655612,0.01310779216971085,0.1470009817123357
38,North Dakota,2017,755393,61843,785,823,0.4859629358492864,0.5140370641507136,0.8659280665825604,0.0308369285921368,0.05521099613049102,0.01681111686234847,7.148596823110619e-4,0.01092279118286772,0.01957524096728458,0.22395060334258243,0.04001177647286572,0.06055809188875266,0.16389260824675744,0.13356617409821256,0.2178748306123766,0.06207653094147254,0.01602729560560108,0.01141753242563076,0.10321311295596794
39,Ohio,2017,11658609,54021,772,896,0.5102971546605602,0.4897028453394397,0.8131393719439429,0.12362992875050532,0.00203454803227383,0.02208822682019784,3.616211848257369e-4,0.00949924643668897,0.02924705683156541,0.29449647545661206,0.038909605938948,0.06676330215231115,0.1352964869827115,0.08755074772437839,0.17313378982533575,0.07853295305557521,0.01690239836830523,0.01098261876737136,0.1397020782891742
40,Oklahoma,2017,3930864,50051,780,760,0.5041838130243123,0.4958161869756878,0.7218494458215802,0.07293968959495928,0.07692965210701769,0.0220572372893084,0.00182224569458521,0.02734945803263608,0.07705227145991314,0.2620183775683243,0.04893145490242474,0.07237897722483717,0.16111109822325428,0.08069744441531788,0.1690537555085922,0.06247917000139962,0.01389878031900538,0.0099550961292353,0.1582871776859179
41,Oregon,2017,4142776,60212,1079,1265,0.5041933235106122,0.4958066764893878,0.8441783963216934,0.01876760896558249,0.01151208754709402,0.04384958298493571,0.00389690391177316,0.02982227376039641,0.04797314650852472,0.18865777722628088,0.04359479455879388,0.07705169766251493,0.17484588247256733,0.08816470454416198,0.20996865084904667,0.08976680298980248,0.02180584207542064,0.01570490780523198,0.1323602824183343
42,Pennsylvania,2017,12805537,59195,893,996,0.5101711861048858,0.4898288138951143,0.8074232263746534,0.11222340773370144,0.00183693975504502,0.03471841907137514,2.6746242660499124e-4,0.0189761663255512,0.02455437831306879,0.3113476389830331,0.03845174370890592,0.05348626836629861,0.10462565906194976,0.08347396371903444,0.18942382869824065,0.0893008715029235,0.02055230970482461,0.0151171061826556,0.12491579363051408
44,Rhode Island,2017,1059639,63870,941,1506,0.5156860024970769,0.48431399750292314,0.8175029420396946,0.06290821685498552,0.0052659443451968,0.03591600535654123,0.0010645134805344,0.04464067479585029,0.03270170312719709,0.25173107688383095,0.04762072760183943,0.05417595584074771,0.1149817699251936,0.0798893847638096,0.20312794703712095,0.09337163435639764,0.01981901545383863,0.01819208134941903,0.1162105961773334
45,South Carolina,2017,5024369,50570,848,796,0.5149834735466284,0.4850165264533716,0.6727648785349961,0.2701602927651214,0.00298684272592239,0.01516230197264571,0.00127160246391138,0.016312297126266,0.021341784411137,0.2500691812741027,0.0449702963339587,0.0580303851705547,0.14477687913908005,0.09586738799094384,0.1762631426272507,0.07626897911669234,0.01554219389863266,0.01194360615485397,0.15399347085231185
46,South Dakota,2017,869666,56521,722,834,0.4958650792373164,0.5041349207626836,0.8469699861786019,0.0195327861500852,0.08747956111886632,0.01238981402055501,0.00108547419354096,0.00649329742682823,0.02604908091152235,0.26468125988801844,0.04287462210147261,0.06629258265904807,0.15349685584944278,0.1082639032719007,0.19110831089583488,0.0621189468792587,0.01871696379310044,0.00955515447499734,0.1300359598613096
47,Tennessee,2017,6715984,51340,833,807,0.5127839792352096,0.4872160207647904,0.7774871113451134,0.16716463291157335,0.0021794274673674,0.01773604582738732,9.499724835556487e-4,0.01329068085927542,0.02119212910572747,0.2659767899987207,0.05833295012502035,0.0637373859991592,0.14411785410028172,0.07248477863890074,0.17235438610791046,0.07127216950898266,0.01718662041433136,0.01251685480923527,0.149538646753076
48,Texas,2017,28304596,59206,987,1038,0.5031654576521778,0.49683454234782226,0.7394254982477051,0.12094258473076246,0.00477300576909841,0.04805749568020685,8.44562487307715e-4,0.05949189311870058,0.02646495996621891,0.20748202166623525,0.04336316030340707,0.0602483417308811,0.15640965795682116,0.0729479177927403,0.19341253398331815,0.07555776389959175,0.01599071393536715,0.01099945970504942,0.14730649204629384
49,Utah,2017,3101833,68358,986,1213,0.4959648053263989,0.504035194673601,0.8565944717204311,0.0121441096280812,0.01054021928324316,0.02440202293289161,0.00855848783606338,0.05801182720023934,0.02974886139905017,0.1938189470918729,0.02953637998177374,0.0756641224716549,0.18157287627221153,0.09468838856398482,0.22813137132019912,0.08604487598759739,0.01833845547567507,0.01364286945789215,0.0971479375345808
50,Vermont,2017,623657,57513,950,1176,0.5064434456760687,0.4935565543239313,0.9416474119588172,0.0132444596949926,0.00377611411400818,0.01807083060079499,2.6617195028677624e-4,0.00223199611324814,0.0207630155678522,0.25787277441738166,0.03221503094928597,0.05489599719532767,0.1133274295587877,0.08505077777297179,0.22486096155641103,0.1114652364051932,0.02587492345202348,0.0206320984731382,0.11309434503269084
51,Virginia,2017,8470020,71535,1179,1284,0.5084127310207059,0.491587268979294,0.6746972262167031,0.19216495356563504,0.00316315663953568,0.06443621148474266,4.988181846087731e-4,0.02591505096800243,0.03912458294077228,0.20277681023099825,0.03886250413334254,0.05926404267980061,0.13036895457017478,0.07893970484949442,0.21978567699695167,0.12320103349569084,0.02509576982780205,0.01903128466622058,0.10637154203661248
53,Washington,2017,7405743,70979,1216,1412,0.5005747566449443,0.49942524335505567,0.7537881074187964,0.03667208003302302,0.01256295283268674,0.0853602400191311,0.00655342752239714,0.04590842539364382,0.05915476678032171,0.18414129606457744,0.03700552414284056,0.07373252831064404,0.16217937862409174,0.10093889259987518,0.22155999410423585,0.09645434859646317,0.02212655979026132,0.01484348784625854,0.11028191516492332
54,West Virginia,2017,1815857,43469,690,516,0.5059269534990916,0.4940730465009084,0.9275625778902192,0.03964574302932444,0.00134261673689062,0.00756282020004879,1.8944223030778305e-4,0.0068871061983405,0.01680969371486851,0.3462938210810177,0.06536209794036034,0.05868917809825302,0.1277234533161371,0.07073435729081173,0.12223238363231329,0.06024856372376597,0.01221166998866611,0.00732872161644585,0.19081265067658004
55,Wisconsin,2017,5795483,59305,819,1020,0.5029829265308862,0.4970170734691138,0.8527634366281465,0.0639006274369194,0.00849989552208159,0.02752660994778174,7.207337162407344e-4,0.02187341417445276,0.02471528257437732,0.2722089741604267,0.0347246029855256,0.06534939471698342,0.13814858203071018,0.10947415651082516,0.19773378562292096,0.07609333563402439,0.01782210285352219,0.01215568267743848,0.11329353783058652
56,Wyoming,2017,579315,60434,832,962,0.4894332099117061,0.510566790088294,0.9121358846223556,0.00995313430517076,0.02406980658191139,0.00834088535598077,1.3809412841027766e-5,0.01726349222788983,0.02822298749385049,0.2423858653598143,0.05356203249935517,0.07597884962599949,0.17723497549651793,0.10404952282692805,0.1736187774052102,0.07956409595047717,0.01484137219499613,0.00821253546556616,0.11332137385403068
72,Puerto Rico,2017,3337177,19343,453,251,0.522950985218944,0.477049014781056,0.6624545236887345,0.12095822307297456,0.00237745855254306,0.00162532583677761,0,0.15989981951811366,0.05268464933085659,0.2532467172282846,0.02571218278984927,0.01523163407895719,0.10637993749133304,0.10358774147439384,0.18285726476580583,0.05175333610675541,0.01218983007456238,0.01028256904220935,0.4441864509036914
01,Alabama,2018,4887871,49861,788,734,0.5152754645120544,0.4847245354879456,0.6765395404256782,0.267404765796806,0.00451382616276084,0.01331765916080845,3.676447271214809e-4,0.01719092013680393,0.02066564359002109,0.25410341504807243,0.05360806888104261,0.06048814309307906,0.15583988321671785,0.08637845981260023,0.16062675132975218,0.06875999261714882,0.01524540789054204,0.0106625869222859,0.16802075977554184
02,Alaska,2018,737438,74346,1177,1364,0.48069939438976567,0.5193006056102344,0.6435185059625351,0.03416829618218752,0.15102422169728166,0.06289477895090842,0.01079141568511522,0.01326213186735698,0.08434064965461503,0.22983890075882915,0.05303356526074836,0.07703877384089518,0.1892622483017515,0.08228650075306014,0.18468001640043433,0.07949265792114193,0.02235280301141643,0.01516834139275949,0.10906281168977998
04,Arizona,2018,7171646,59246,1036,1023,0.5028855300442883,0.4971144699557117,0.7795288557187569,0.04689857809490318,0.04609806451684871,0.03316853620493817,0.00218373857270701,0.05210630864936724,0.04001591824247878,0.20043079938780703,0.03907833061725049,0.07446185198285066,0.17514189191422688,0.08851138275612441,0.18553214839398516,0.08043916249888437,0.01819699754395591,0.01302232256486369,0.1402305343851038
05,Arkansas,2018,3013825,47062,731,682,0.5100312725523214,0.4899687274476786,0.7651724967441706,0.15153965475765846,0.00695163123273581,0.01577662936633679,0.00311829651688468,0.02817582308196395,0.02926546830024968,0.28218012511752333,0.0575269580338477,0.0659362127146269,0.15695280619247168,0.07623523756156837,0.1466028401450291,0.06206665977559165,0.01487136852298709,0.00953985258704639,0.17245358659596752
06,California,2018,39557045,75277,1520,1785,0.5026536233937595,0.4973463766062404,0.5949733606238787,0.05773560689379098,0.00765456570378298,0.14716936009755027,0.00393707366159428,0.13785733995044372,0.05067269306895902,0.18393132754894867,0.02338653511360756,0.05594946740790562,0.15249773602304684,0.07982441145176301,0.2127434269339196,0.08822439617709722,0.02439769859713233,0.01663916779324785,0.12801452628690468
08,Colorado,2018,5695564,71953,1289,1377,0.4970189080484391,0.5029810919515609,0.8411242503815249,0.04171281369149745,0.00968227202784482,0.03165217702759551,0.00133173817377875,0.03455864950336788,0.03993809919439058,0.1695739313542824,0.03877355692029843,0.06291126781183026,0.1462405202488945,0.0844181466645916,0.25997804776930517,0.11407211828257768,0.02537685047279854,0.0173497488774544,0.0963762009101635
09,Connecticut,2018,3572665,76348,1171,1661,0.5128194219161326,0.4871805780838674,0.7524175930292932,0.10959661765096924,0.0026610387483853,0.04642332824376201,2.846614502059387e-4,0.05463932386607757,0.03397743701130668,0.23844106591973355,0.03025552298952914,0.05288891134821745,0.11313926869217726,0.0785960192444361,0.21818756426977504,0.13070607316286703,0.0302912172795657,0.01675305486974391,0.10419538541338992
10,Delaware,2018,967171,64805,1108,1157,0.5161931033912307,0.4838068966087693,0.6821761611959002,0.22497986395373723,0.00454624880191817,0.04034757038827673,9.264132195857816e-4,0.02031905423136136,0.0267046882092205,0.30308077092835073,0.02912020008827423,0.05765043401500662,0.11916580844490215,0.07598646461674267,0.1826953067529793,0.09767691628659704,0.01583934088568486,0.01715021332941003,0.12462132727315244
11,District of Columbia,2018,702455,85203,1516,2122,0.524228598273199,0.475771401726801,0.4224427187506673,0.45522773700806457,0.00275035411521022,0.0392025111928878,5.651607576286025e-4,0.04398431216234492,0.03582720601319657,0.13566224688909503,0.03007941204695947,0.03597133808899267,0.0870453600332683,0.02788618406320975,0.2594726656217012,0.2196326892933687,0.08543792585010077,0.03958406640862416,0.16150970582828
12,Florida,2018,21299325,55462,1182,987,0.511502078117499,0.48849792188250096,0.746482529375931,0.16013376010742125,0.00281088719947697,0.02787102408174907,6.028829552110219e-4,0.03327523290057314,0.02882368337963762,0.24519790551965823,0.04155664654418913,0.06485948846973869,0.13221764950946355,0.0973400753163368,0.19085316581847292,0.07780259277714696,0.02314469395590481,0.01189788999893805,0.1360448441148588
13,Georgia,2018,10519475,58756,1008,1024,0.5132561273257458,0.4867438726742542,0.5825048303266085,0.31557572977738907,0.00327820542374975,0.04145178347778763,0.00133552292295955,0.02862766440340416,0.0272262636681013,0.2310299889426629,0.04728387319773717,0.05543242556933248,0.14277765007798604,0.08064776849868419,0.1952254831207944,0.0868916673306419,0.02243381217889155,0.01416187505839638,0.14344086891074984
15,Hawaii,2018,1420491,80212,1613,1657,0.499678632247582,0.500321367752418,0.2433327631079676,0.01994028825244229,0.00227878951714583,0.37626355957200713,0.10205696481005512,0.01270828185465448,0.24341935288572755,0.24508908796702253,0.02282066193981653,0.05922122482269289,0.1463374946890735,0.11104682755635106,0.21979752689111673,0.0798271174149172,0.02139537499912112,0.01403089025692328,0.08835269030010533
16,Idaho,2018,1754208,55583,848,952,0.4971189277440304,0.5028810722559697,0.8988934037468761,0.00688344825699118,0.01312615151680986,0.01540638282347361,0.00157506977507798,0.03375711432167679,0.03035842955909447,0.22394900270776663,0.0542751150385531,0.08335409841512152,0.17201356593722214,0.09908047846245716,0.18663393215457613,0.06335754323290028,0.01465708762514786,0.01186538631358158,0.11796043766256528
17,Illinois,2018,12741080,65030,995,1205,0.5082000897883068,0.4917999102116932,0.7169835681119654,0.14073210434280298,0.00281341927057988,0.05634828444684438,4.173115622851438e-4,0.05594329523085955,0.02676201703466268,0.22445756994643928,0.03618876556675245,0.06594534855834391,0.13675368488565162,0.08095802432608011,0.21061185503589552,0.10193207828377732,0.02375144376948572,0.01433087658975445,0.12125123651602024
18,Indiana,2018,6691878,55746,820,853,0.5074666633193253,0.4925333366806746,0.8278583381227214,0.09523141336408106,0.00209806574477299,0.02304584751843951,5.185390409089944e-4,0.02425372967050505,0.02699406653857108,0.28091742573065204,0.05034386454644281,0.06915564002987538,0.129400815999846,0.0890406283230149,0.1727460796397765,0.07293527396470775,0.01461158537144913,0.01076682006484936,0.13139215698058684
19,Iowa,2018,3156145,59955,777,886,0.5041774062978729,0.4958225937021271,0.9017643359224624,0.03648026310578253,0.00364178451877211,0.02533818946848132,0.00109722462054183,0.00973117521533389,0.02194702714862593,0.26915486185808385,0.03931694913321601,0.07303049422460747,0.13332576330582785,0.117824944222517,0.1964289107902349,0.06361911295747988,0.01695369423677019,0.01306969999885974,0.11240538505513364
20,Kansas,2018,2911510,58218,840,951,0.5020642209712486,0.4979357790287514,0.8403965639822635,0.05878083880872811,0.00921480606283337,0.02831657799561052,0.00100600719214428,0.02517353538198392,0.03711167057643628,0.21323556339612415,0.04089564545004619,0.07919950863909982,0.14918076870357524,0.08944369282410096,0.21050671069662127,0.09381215908960117,0.01935152080174696,0.01437199242868936,0.11967915687551316
21,Kentucky,2018,4468402,50247,779,773,0.5078730606601645,0.4921269393398356,0.8672055468599289,0.07939325960376886,0.00189553222829996,0.0146137254436821,0.00110621201941991,0.01161198119596222,0.02417374264893803,0.25939440958026777,0.0666260009330746,0.06708233889822182,0.14075048677146318,0.0861889824814915,0.14545237996534857,0.07441598939795632,0.01764419062358731,0.01049083803654257,0.16882952080354946
22,Louisiana,2018,4659978,47905,854,740,0.5114719425714027,0.4885280574285973,0.6174095671696305,0.3239086107273468,0.00550581998455786,0.0163638111596235,2.4313419505413977e-4,0.01402710484899284,0.02254195191479444,0.2889667799520944,0.05391983256407377,0.05457759827854779,0.15326964907111387,0.06496844100247846,0.15888561179089833,0.0586406452502501,0.01572431170544637,0.00946146071977357,0.18627087313215993
23,Maine,2018,1338404,55602,839,962,0.5100627314323627,0.4899372685676373,0.94250540195636,0.01416164327064175,0.0064001601907944,0.01171768763392817,3.4742872854534205e-4,0.00243872552682149,0.02242895269290886,0.2624219275927361,0.05206318602536959,0.0625941902536349,0.14112928648277068,0.09688401862145128,0.2008263319849255,0.08110988405319601,0.01952852502893077,0.01382473952136606,0.11639621150267178
24,Maryland,2018,6042718,83242,1371,1595,0.5150609378097737,0.4849390621902263,0.5469470857319504,0.299680541107495,0.00222300626969519,0.0627176379900568,0.00120988601486946,0.05031543752331318,0.03690640536261993,0.2107414347620868,0.03149827743795261,0.06120284430904229,0.125782423748104,0.06761796916449561,0.2187873364753863,0.13108124872970495,0.03213561459722859,0.02609674902857674,0.089528678761162
25,Massachusetts,2018,6902149,79835,1295,1726,0.5145154067233263,0.4854845932766737,0.772973026227049,0.07787762912681254,0.00234680532106739,0.06844288641117426,4.0204869526867646e-4,0.04394732712956501,0.03401027708906313,0.2060933286541266,0.02693923597603672,0.04898330715074384,0.10445880670296365,0.07587577864924325,0.2439342748029684,0.14104518193450988,0.03119832111387191,0.02912144031280055,0.09961136267920444
26,Michigan,2018,9995915,56697,861,898,0.5071170573179143,0.49288294268208566,0.7828482935279062,0.13773136326189248,0.00530336642518468,0.03259611551318713,3.908596661736319e-4,0.01185154135464337,0.02927846025101254,0.2467308583045384,0.04044515699478562,0.07660928643815305,0.1555570532439883,0.09574115635197646,0.18038992431562512,0.08590818484140693,0.01758161682226938,0.01189007730304289,0.1405086532562918
27,Minnesota,2018,5611179,70315,969,1174,0.502068994769192,0.497931005230808,0.8250271467012548,0.06552152408611452,0.01086812593217931,0.04867533186875699,4.270047346555866e-4,0.01832306543776272,0.03115780123927609,0.21139658445317935,0.03045996972090677,0.06561327764752395,0.14217050221974054,0.11695621344896828,0.24174183279608552,0.08851896276123068,0.02268149276402127,0.01409471575481547,0.09640011631923946
28,Mississippi,2018,2986530,44717,777,623,0.5155484793388984,0.4844515206611017,0.5810941125654188,0.3802402788520457,0.00443122955403093,0.00875330232745025,4.593960214697325e-4,0.00997076875169511,0.01505091192788955,0.2402342001625463,0.05783289493714354,0.06495782343751501,0.15769922666608674,0.10133855396521388,0.14398596457866678,0.06220252740755876,0.01599973296690458,0.00979374222101742,0.19665866144132857
29,Missouri,2018,6126452,54478,830,891,0.5098035535086213,0.4901964464913787,0.8218781441526025,0.11496490954307648,0.00452219326944861,0.01981848547903419,0.00120542852535203,0.00923160746219834,0.02837923156828781,0.2583009844871374,0.04538337715977409,0.07492803243387722,0.1491495981028917,0.08152459113983093,0.1804791876803672,0.08412285875422296,0.01853524934451599,0.01233412076684755,0.13229731589536275
30,Montana,2018,1062305,55328,811,894,0.496583372948447,0.503416627051553,0.8862219419093387,0.00475946173650693,0.0640239855785297,0.00801747144181755,9.319357435011602e-4,0.00548618334659066,0.03055902024371531,0.231705676163863,0.04759154127495205,0.07678988149684476,0.16837668753848056,0.09703830455813776,0.20719771773714565,0.07845346518774439,0.02030414767839013,0.01127404143465065,0.1302351315036117
31,Nebraska,2018,1929268,59566,830,979,0.5017732113941661,0.4982267886058339,0.8640531020055275,0.04728269996703413,0.00961763736297911,0.02372868880839779,6.681290520549763e-4,0.02408841073401933,0.03056133206998716,0.22353447459018985,0.03419585610056536,0.07469599823126244,0.14901613973026753,0.10868734405104072,0.21293942073844793,0.0790609898613436,0.01850541675878841,0.01381273491045766,0.11002846414147392
32,Nevada,2018,3034392,58646,1108,1195,0.49829356259837226,0.5017064374016278,0.634386064819575,0.0924023659434905,0.01471991753207891,0.08243397688894513,0.00646323876414121,0.11823983190042683,0.05135460415134234,0.23694083776675665,0.0404936815967383,0.07690785061724509,0.1818023117714901,0.08424124309468685,0.16201431478211598,0.05928958386396092,0.01735545704563731,0.01023908528866617,0.12945516310614583
33,New Hampshire,2018,1356458,74991,1090,1481,0.5064779005321212,0.4935220994678789,0.9244156472223984,0.01727440141898975,0.00262595671963304,0.02657509484259741,3.7966527529787136e-4,0.00664451092477614,0.02208472359630744,0.23546378668820336,0.04185020211218565,0.0596179441008377,0.12397965280381726,0.10222014364181024,0.2238294593447527,0.10796313770412094,0.02077779197072772,0.01578370493681161,0.07638684579186375
34,New Jersey,2018,8908520,81740,1336,1868,0.5116600737271736,0.48833992627282646,0.6686339594006636,0.13559996497734753,0.00237199894034025,0.097458724906045,3.2654133346504243e-4,0.06783775531738157,0.02777105512475697,0.2394210406668473,0.02384184947981522,0.05138140480184734,0.113114317857612,0.06612327226447563,0.24806280832728655,0.1142873207595824,0.02855858139678794,0.01705588227833355,0.09521730792291926
35,New Mexico,2018,2095428,47169,830,751,0.5038526735349532,0.4961473264650468,0.7635375684585679,0.02198309844098675,0.0957603888083962,0.01629977264787909,0.00117637065076919,0.06917966162521451,0.03206313936818635,0.21417512836388208,0.04705181361416073,0.06148123412880229,0.17472172235278835,0.08011473503703898,0.15653933939106843,0.08405760472607822,0.01738039550124569,0.01856149147076452,0.1946895322501327
36,New York,2018,19542209,67844,1274,1410,0.5143172913563661,0.4856827086436339,0.6332754398440832,0.15705793546676325,0.00431435361273641,0.08525714774619389,4.8223821575135137e-4,0.08647154474706518,0.03314134036740678,0.21969358141468512,0.03971981978509462,0.04641947616439991,0.10594292434003448,0.08729835113118505,0.2082137640929576,0.11836808073056682,0.03014223677682749,0.01566754140091424,0.13611988382547263
37,North Carolina,2018,10383620,53855,900,917,0.5134409772314472,0.4865590227685528,0.6836314310423532,0.2140422126387522,0.01163804145375119,0.02953517174164694,9.8404987855873e-4,0.03145627440141299,0.0287128188435247,0.21187714583089276,0.04189974182444062,0.06140652738102747,0.14938714281208604,0.09870484180551677,0.20482237476457812,0.082372168179073793,0.01782053419361815,0.01415628857989925,0.14037747498101813
38,North Dakota,2018,760077,63837,808,861,0.48528635914519186,0.5147136408548081,0.8573960269814769,0.03407023235803741,0.05429713042231247,0.01808895677674761,4.460074439826491e-4,0.01258951395713855,0.02311213206030441,0.2225792215727896,0.03600789969227943,0.0626044622478179,0.15595701896445338,0.1491975502167623,0.2209837073838959,0.05361646554667827,0.01389834637634565,0.00825913227192034,0.10679937176840136
39,Ohio,2018,11689442,56111,797,931,0.509634848267351,0.490365151732649,0.8102131821176751,0.12372754832950963,0.00219616984283766,0.02324850065554883,3.616939114801203e-4,0.00959293009880197,0.03065997504414667,0.2874149670457398,0.03972587636655378,0.06953451679231497,0.1345656272832995,0.086051076144554,0.17827429430667738,0.08232093170143147,0.01777381062870661,0.01135313350446335,0.13893951438018204
40,Oklahoma,2018,3943079,51924,808,775,0.5054433350181419,0.4945566649818581,0.7217471422713062,0.07295821361935685,0.07790434835315245,0.02147915372732831,9.786768157574322e-4,0.02790027793001357,0.07703218728308513,0.26354792678208,0.04974012631475606,0.07771667038015227,0.1577005483559102,0.079529055883676,0.16665433099160035,0.06423384144809832,0.01582941947290491,0.00951713310218962,0.15606399641100574
41,Oregon,2018,4190713,63426,1130,1284,0.5036780137413371,0.4963219862586629,0.8387553621543637,0.01957805270845319,0.01170469082468782,0.04550061051663524,0.00447608795925657,0.03292351444730288,0.04706168138930058,0.18114639714399908,0.04098320676877638,0.08026405814969617,0.1719368780441542,0.09128499718870878,0.21040313238810723,0.0902153516823715,0.02217194263611053,0.01678069896151579,0.12559012064256472
42,Pennsylvania,2018,12807060,60905,927,1012,0.5102997877733063,0.4897002122266937,0.8008148630520978,0.11153270149433205,0.00167235883957754,0.03552938769709832,3.9103432013280173e-4,0.02401581627633508,0.02604383832042639,0.3070657627047792,0.03914070033143119,0.05545054842185229,0.10380052446866336,0.08601190466263915,0.19158393116245953,0.0898709863121617,0.02136864597053329,0.01541998350793201,0.12246812974019688
44,Rhode Island,2018,1057315,64340,998,1502,0.5120659406137243,0.4879340593862756,0.8065760913256693,0.06691383362574067,0.00410568279084284,0.03410904035221292,8.351342788100046e-4,0.05650444758657542,0.03095577004014886,0.2388472988207022,0.04548835890616246,0.06505376707011658,0.11483269091866424,0.0831664855304815,0.1991467473116465,0.10537670701165797,0.02273540391119151,0.01655472225409919,0.12907919474179733
45,South Carolina,2018,5084127,52306,892,828,0.514428534141653,0.485571465858347,0.6702637443950554,0.26624020210352733,0.00465605992926612,0.01592584134896708,7.87549170191854e-4,0.0182882921689407,0.02383831088405148,0.25271944003401714,0.04611329604235537,0.05784578028293229,0.14293020039486248,0.10156985758893354,0.17957624582838802,0.07680490671767332,0.01559005313033755,0.01131471456939515,0.1527305503974515
46,South Dakota,2018,882235,56274,734,870,0.4952920707067845,0.5047079292932155,0.8397649152436709,0.02160082064302595,0.08848889468225586,0.01702834278848606,5.780772696617114e-5,0.00655380935918434,0.0265054095564107,0.2610362872094021,0.04866775328129021,0.06149609676589174,0.13743330187869948,0.12153727374109977,0.20235566612335937,0.06342283606416746,0.01717594578364931,0.00939864459123273,0.13095203180595458
47,Tennessee,2018,6770010,52375,861,841,0.5122324782385845,0.4877675217614154,0.7733501132199214,0.16806489207549177,0.00282658371257944,0.01758431671445094,8.115202193202078e-4,0.01494133686656297,0.02242123719167327,0.26146504617823174,0.0568259121280859,0.06490745283756783,0.14523867857058975,0.07500092117281784,0.17273143147239187,0.07085510479499002,0.01855231281175774,0.0126884821937833,0.15311434340656305
48,Texas,2018,28701845,60629,1046,1075,0.5035098266330962,0.49649017336690376,0.7351118368871409,0.1228850270775276,0.00522604034688362,0.04985243979960173,7.477916489340668e-4,0.05955871477948543,0.02661814946042667,0.2057505029063819,0.0447139504652706,0.06151848420777355,0.1522324096691163,0.07225155553385902,0.19629961351612757,0.07785460021127778,0.01697193016846748,0.0119938213237718,0.1489132176649668
49,Utah,2018,3161105,71414,1043,1252,0.49623407004829007,0.5037659299517099,0.8567241518393094,0.01276926897398219,0.01097021452941297,0.02400995854297785,0.00928852410786734,0.05423926127097961,0.03199862073547067,0.1962330292932002,0.02995776488299066,0.07959391036496569,0.16729935648340566,0.10246690264768134,0.2284099274427828,0.08569305444408949,0.01955177140683647,0.01489180523339362,0.09025331217791129
50,Vermont,2018,626299,60782,969,1184,0.5080337027521998,0.49196629724780017,0.9409834599767842,0.01216830938577261,0.00278301578000284,0.01893504540163724,2.219387225590333e-4,0.00449465830218473,0.02041357243105928,0.2503185113407982,0.03533008541487224,0.05477497846683893,0.12208853718059144,0.08553375322997415,0.23118540051679587,0.11092269595176572,0.02427190999138673,0.02074361182888314,0.10979092274403296
51,Virginia,2018,8517685,72577,1215,1292,0.5079956584447535,0.4920043415552465,0.6736079110697332,0.19154406390938383,0.00261397316289578,0.06520809351367185,6.643823996778467e-4,0.02532883054491919,0.04103274539971835,0.20078677335839684,0.03934708426149264,0.06010659210818537,0.12737823915361146,0.07790543707693928,0.22261069078068785,0.12567023708490904,0.02633816826396808,0.01879454971455719,0.1070470511290105
53,Washington,2018,7535591,74073,1316,1442,0.5001242769147105,0.49987572308528955,0.7475542396077494,0.03872397002438163,0.01291590798916767,0.08782071638442161,0.00715590854121461,0.04576323210747505,0.06006602534559002,0.18134910354870112,0.03606380210555462,0.0741283470592781,0.15543800717268422,0.10229023120142557,0.22770731628745425,0.1005163312504566,0.02218937719448451,0.01642894822171851,0.10256160448463542
54,West Virginia,2018,1805832,44097,735,552,0.504573515144266,0.4954264848557341,0.930193395620412,0.03803177704238268,0.00145583863836724,0.00745307426161459,2.4974637729312585e-4,0.00356068560087538,0.01905548245905488,0.3328312959046082,0.06406637824889658,0.06244236914819941,0.13001910553014137,0.07515180190836684,0.12774549278916536,0.05983380453020462,0.01469806313491533,0.01095425369364473,0.17803950553072867
55,Wisconsin,2018,5813568,60773,847,1030,0.5026665208009952,0.4973334791990048,0.8527023335755254,0.06375293107434195,0.00866318240364609,0.0284472461662098,3.373143652916763e-4,0.0208950854277442,0.02520190698724088,0.2723369259989048,0.03389259878828323,0.06617147901489522,0.13864953650055034,0.10986963498698152,0.1942707229569376,0.07511531750075526,0.01776192616172956,0.01296961790290734,0.11046939067665076
56,Wyoming,2018,577737,61584,818,957,0.4935082918352122,0.5064917081647878,0.9146947486486066,0.006347178733576,0.02801447717560066,0.01005128631193778,0.00192302033624296,0.01522838246468548,0.02374090632935055,0.23480932806967564,0.05351583167148264,0.08756511741483863,0.17647582515974117,0.1121469415164218,0.16902293353953848,0.07273818729396443,0.01404857352163119,0.01275639982092711,0.11058550802841452
72,Puerto Rico,2018,3195153,20296,484,274,0.524149547768135,0.47585045223186495,0.6507682104738021,0.12548256687551426,0.00125596489432587,0.00160993855380321,2.400511024041728e-4,0.17269063484596825,0.04795263325418219,0.2594694999628501,0.02230215512908484,0.01531623274170356,0.10532991263226445,0.1056271115326285,0.18823704234647273,0.05275848655830562,0.01430619353767214,0.01161042468848747,0.4307613676674845
01,Alabama,2019,4903185,51734,807,753,0.5167200503346294,0.4832799496653706,0.6784110736184745,0.26912119367309206,0.00474487501491377,0.013486947769664,3.858716324185198e-4,0.01518421189492136,0.01866582639651573,0.25674110387380217,0.05255147381384488,0.06361705661033232,0.14485345193446064,0.08985380609501384,0.1630849824616123,0.07344277985677629,0.01552919622220806,0.01143760018428253,0.1545705198666245
02,Alaska,2019,731545,75463,1201,1382,0.47995953769077776,0.5200404623092223,0.6421628197855225,0.03082653835375814,0.15794517083706405,0.05970651156114798,0.01356444237880103,0.01722655475739701,0.07856796232630939,0.2376657342715129,0.04981221258609505,0.08016394729557202,0.17654289362018602,0.08964628205710885,0.1850666655648703,0.08048622272537588,0.02256754355882972,0.01382065785505042,0.1007923219727486
04,Arizona,2019,7278717,62055,1101,1038,0.5025311466292754,0.49746885337072455,0.7833537146725171,0.04722384453194155,0.04564994077939834,0.03320928674655162,0.00194649688949302,0.05006953835408081,0.03854717802601749,0.19563558996387936,0.04112758719719124,0.07766910572065348,0.17247448700991397,0.08733957051616531,0.18829618124234004,0.08180740776695102,0.01806881934416548,0.01360652355931997,0.13468327350326703
05,Arkansas,2019,3017804,48952,742,662,0.5113317498419381,0.488668250158062,0.7671207275223971,0.1549033668190512,0.00570481051784675,0.0152687185781449,0.00425110444548419,0.02504801504670283,0.02770325707037302,0.28529857752880494,0.06349658426207097,0.06730958095829224,0.1507417788550305,0.07451081683080803,0.15084293498116336,0.05988197142486751,0.01373710013867228,0.00896655758828081,0.16207580646317646
06,California,2019,39512223,80440,1614,1835,0.5029185272618045,0.4970814727381955,0.5943719744647118,0.05775792468067413,0.00812690290799381,0.14844608970748116,0.00394488055000094,0.13728809943191503,0.05006412825722309,0.1828655953224516,0.02304194629776249,0.05655825374773479,0.14918821353074957,0.07865476530588608,0.2186410270269307,0.08912797566192311,0.02495768782329948,0.01728180310605084,0.11754324025363708
08,Colorado,2019,5758736,77127,1369,1466,0.4955568374726676,0.5044431625273323,0.8374023396800965,0.04176923547111727,0.0099983746433245,0.03272610517307964,0.00134682333067534,0.03630675203725262,0.04045036966445414,0.1705938927929281,0.03987201829057674,0.06201422259388373,0.1406478029999424,0.08426812661213004,0.2661233129632299,0.11872799182277582,0.02320989256952867,0.01851146041591036,0.09347072954771844
09,Connecticut,2019,3565287,78833,1177,1667,0.5109013664257603,0.4890986335742396,0.7461469441310055,0.11127996147294734,0.00253892603877331,0.04667029610799916,3.239570895695073e-4,0.05627765731061763,0.0367622578490876,0.23529774637280587,0.03243003981701797,0.05303114059332965,0.11159340175130789,0.07638938960591567,0.21998141338396585,0.12948422140505203,0.03187764879307168,0.0170464104597784,0.1003191496125066
10,Delaware,2019,973764,70176,1116,1182,0.5170410900382434,0.48295890996175667,0.6774937253790446,0.22532975135659153,0.0044702823271347,0.03757789361693388,4.3953154973895114e-4,0.02370903011407281,0.0309797856564835,0.2668006186427978,0.03530716080493401,0.06227166450122288,0.12405301239177025,0.08276457091476784,0.19538025726345137,0.10042469857168008,0.01930567094081136,0.01690646592299555,0.1125799641252758
11,District of Columbia,2019,705749,92266,1603,2215,0.5262409156796538,0.4737590843203462,0.42516248694649234,0.4544165135196791,0.00267233818255498,0.04069718837717092,2.692175263443519e-4,0.04373792949051292,0.03304432595724542,0.13360916172584109,0.0245256312543923,0.03240059784814261,0.09775015094675786,0.03349929228241396,0.2570054142869869,0.2130319017311861,0.08757881400389987,0.03910164408239218,0.13451483639183942
12,Florida,2019,21477737,59227,1238,1025,0.5112145660411057,0.4887854339588943,0.7454267179079435,0.16021529642531707,0.00277301095548381,0.02792654552013557,7.525001353727351e-4,0.03350096893355198,0.02940496012219537,0.2414855188755828,0.04241912332731139,0.06371079935279804,0.13012049079783128,0.09937206892414104,0.1926211769677837,0.07977182604903922,0.02283890046964377,0.0117613081776863,0.12659920592464666
13,Georgia,2019,10617423,61980,1049,1059,0.5130526494046626,0.4869473505953375,0.5775129238045804,0.31937768703384994,0.00398552454771746,0.0413863137976136,6.543018960438894e-4,0.03029511021648097,0.02678813870371369,0.2275944172371996,0.04640052246949319,0.05731006739619181,0.14247943072971442,0.08024183422497204,0.19920208716619336,0.0905266812255322,0.02152503127726785,0.01381623344578743,0.1329693628555194
15,Hawaii,2019,1415872,83102,1651,1713,0.5000572085612258,0.4999427914387741,0.24099000474619175,0.01901513696153324,0.00432878113275776,0.3869297507119287,0.10777881051394476,0.0174429609456222,0.22351455498802153,0.2466869609538984,0.0276481235476608,0.06096613917573354,0.14568642717534827,0.10645069371144654,0.22071442044893583,0.07809521325055084,0.02241970244855859,0.01510031424707124,0.0933391729836891
16,Idaho,2019,1787065,60999,880,965,0.49747546955482874,0.5025245304451713,0.8935981623499984,0.00711110116308024,0.01279584122569688,0.01453164826125518,0.001384952421988,0.03773114016557875,0.03284715441240245,0.21535494967109223,0.04534085057433965,0.08463386328060618,0.17546757165048246,0.10639139126744132,0.18803549454012264,0.06990880420701334,0.01665503839890281,0.01289499460715954,0.11173890188181392
17,Illinois,2019,12671821,69187,1020,1213,0.5093597834123446,0.4906402165876554,0.7137142325479503,0.14127503852840093,0.00257263735022772,0.05666052258787431,3.5598672045635747e-4,0.05764869942528386,0.02777288283980653,0.2226130097275419,0.03681084118659035,0.06497180924366056,0.13485304945751972,0.08166566874003847,0.21694150478441215,0.1026172974000005,0.02378324067529001,0.01422913790870616,0.11480788855987158
18,Indiana,2019,6732219,57603,840,874,0.5068628932005925,0.4931371067994074,0.8276467239107937,0.09552645271937826,0.00273550221702532,0.02533577710410193,4.833473183210469e-4,0.0223842985500026,0.02588789818037708,0.2857529350746277,0.05338964885723393,0.06860061550216959,0.13056664626839315,0.08832200692356645,0.17276064162380622,0.07084361113856795,0.01450550475731422,0.01128650171090056,0.11903817915957672
19,Iowa,2019,3155070,61691,808,924,0.5022665107271788,0.4977334892728212,0.898723641630772,0.04099275134941538,0.00375173926410507,0.02413068489764094,6.430919123822926e-4,0.01012687515649415,0.02163121578919009,0.2710004314640952,0.03932493768264214,0.0704106068570761,0.13395547064442648,0.11850095430814073,0.19792661718960491,0.06648692136237143,0.01570180743889319,0.01298490252491281,0.1116769937801943
20,Kansas,2019,2913314,62087,862,945,0.5035595201890356,0.4964404798109644,0.8364707683414833,0.05740438552109384,0.00818998570013393,0.02986907693437782,8.419964343012803e-4,0.02988795577819624,0.03733583129041359,0.22110380114291311,0.04167707203189021,0.07729079220324897,0.14717783034188858,0.09032517396293482,0.21628440091946063,0.0922620056191579,0.01942775096567871,0.01220386417466207,0.11432961018360574
21,Kentucky,2019,4467673,52295,773,786,0.5079754046457742,0.49202459535422577,0.8670489089062695,0.08128773077170151,0.00186360998219878,0.01635907551873201,9.427726693515842e-4,0.00918419947028352,0.02331370268146303,0.2673221271718471,0.06486165720062904,0.06632994821617075,0.13673607698621132,0.08535114002497013,0.1486136196785112,0.07282047682061853,0.01887915203897597,0.01093739031282209,0.16262534163069794
22,Louisiana,2019,4648794,51073,866,727,0.5120880813389451,0.4879119186610549,0.6183935016264434,0.32352842479146204,0.00614374394735494,0.01753271923858101,2.0887137610313557e-4,0.01417313823757301,0.02001960078248251,0.2845120423820004,0.05496495288040479,0.05689476565353619,0.14906211417676768,0.06442581223303859,0.16048240224113042,0.06180177638310414,0.01775109300328227,0.00971784927143198,0.18997288676659857
23,Maine,2019,1344212,58924,870,999,0.5117362439853237,0.48826375601467625,0.939797442665294,0.01635381918923503,0.00700707924047694,0.01139924357169851,1.6515252058455065e-4,0.0040484685451402,0.02122879426757088,0.26653732222706505,0.04734793452467432,0.06169184948423652,0.12468017014544693,0.0998918430271038,0.20755847740810693,0.08810152226903643,0.02124800232456777,0.01502796745605114,0.10873629322904683
24,Maryland,2019,6045680,86738,1401,1634,0.5156850842254304,0.4843149157745696,0.5453330311892128,0.30270523745881356,0.00316986674782654,0.06387933201889613,4.057442669807201e-4,0.05050598113032777,0.03400080718794247,0.21598820992490664,0.03034806630626565,0.05837220096857971,0.12173596713846407,0.06866700542896054,0.2179282853289954,0.13220644677711338,0.0313323253322651,0.02730159579985745,0.09023542137136424
25,Massachusetts,2019,6892503,85843,1360,1776,0.5146094241816072,0.4853905758183928,0.7697327081322997,0.07887250828907873,0.00259339749289916,0.06861005356109384,4.349653529349208e-4,0.04341847946964985,0.0363378877020438,0.20942749891971593,0.02932064150731789,0.04729025996087887,0.10300446792298482,0.07438498025801472,0.24681769752705657,0.1427490260950452,0.0309150913211132,0.02930868416451984,0.094008800513188
26,Michigan,2019,9986857,59584,888,914,0.5077625523225174,0.4922374476774825,0.7822446040831464,0.13728733674668617,0.00578610467737747,0.03276606443849151,2.0807347096288653e-4,0.01143402774266218,0.03027378884067329,0.25125115542871285,0.03969728891787764,0.07481405448039466,0.15330125908189088,0.09410139228706645,0.18169003196257028,0.08792643895021442,0.01833993340031302,0.01239269361489751,0.12986516479329885
27,Minnesota,2019,5639632,74593,1016,1200,0.5027661379324041,0.4972338620675959,0.8205478655344888,0.06565871673896453,0.01018045149045186,0.0506469216431143,4.881524184556723e-4,0.01939364128723292,0.03308425088729194,0.21419173157081023,0.03014026780952024,0.06524231053552547,0.13898896135695146,0.11503863057195704,0.24506837678817803,0.09109869692650158,0.02211523565636622,0.01425395845095097,0.08969096800676504
28,Mississippi,2019,2976149,45792,777,648,0.5178477287259475,0.48215227127405247,0.5802700066428126,0.3798895821412167,0.00491709252460142,0.01046788988051337,5.880081944821983e-5,0.00972531953205299,0.01467130845935468,0.2375019195176555,0.06487717107549563,0.05592464175738913,0.1668096202183805,0.10478949963226082,0.13674643777934034,0.06277125815289868,0.01360281340671952,0.01002392325162249,0.19604683090773195
29,Missouri,2019,6137428,57409,834,895,0.5098648815106263,0.49013511848937374,0.8184110673070217,0.1145525454636698,0.00415744184697563,0.02071779905198073,0.00166421504252269,0.01243094012671105,0.0280659911611183,0.2635050670896651,0.04767148768877661,0.07082204632156346,0.14326528555010482,0.07934097640556878,0.18444558245735665,0.08587519929094505,0.01862220237832019,0.01329953530082769,0.1293754015815489
30,Montana,2019,1068778,57153,831,896,0.49739796290717064,0.5026020370928294,0.8799049007371035,0.00728589098952261,0.06325261186139684,0.00835252971150229,2.0958515238899005e-4,0.00682742346867169,0.03416705807941406,0.23631376777410876,0.04817844868252578,0.06779836916234247,0.16084372262281824,0.09353730035716692,0.23089022171305343,0.07065840016173597,0.02001078239773569,0.01424219960913808,0.12648343406714607
31,Nebraska,2019,1934408,63229,859,1020,0.500286392529394,0.499713607470606,0.8616398401991721,0.04893435097456172,0.00980351611449084,0.02467938511420548,9.563649447272756e-4,0.02638998598020686,0.02759655667263576,0.22189153699175165,0.03474999410270725,0.07449931984556957,0.1459281159329124,0.11101771546741944,0.21793170148690408,0.08207223004159557,0.01894367692271401,0.01333495836511318,0.09893381493362108
32,Nevada,2019,3080156,63276,1168,1230,0.4984737786008241,0.5015262213991759,0.6457841745677816,0.09615876598458,0.01377397768164989,0.08478758868057332,0.00733307014320053,0.10534401504339393,0.04681840789882071,0.23475215613073175,0.04300419477773107,0.07374187092141883,0.17234021042225806,0.08774724240872543,0.16655401958187024,0.06221021069373442,0.01682170462811016,0.01134256290528377,0.12497172559321928
33,New Hampshire,2019,1359711,77933,1147,1534,0.5050712982391111,0.4949287017608889,0.925620223709303,0.0161799088188593,0.00127012284228045,0.02633427250349522,5.243761358112129e-4,0.0078568166323579,0.02221427935789296,0.237090073998469,0.04370094411839755,0.05925389129880071,0.11842204644041848,0.09865577953559582,0.22927889767797907,0.11196937994386325,0.02093187037509569,0.01366777239091605,0.07270137752137304
34,New Jersey,2019,8882190,85751,1376,1890,0.5110900577447679,0.4889099422552321,0.6714892385774229,0.135534479672243,0.0020760645741647,0.09643578892142592,3.66351091341212e-4,0.06432737872078845,0.02977069844261381,0.24523741570534704,0.02390478530191663,0.04856337893494167,0.10884317152539504,0.06444342472229665,0.2512879106878457,0.11643390997167122,0.02698010362724428,0.0174561464290854,0.09161762677129533
35,New Mexico,2019,2096829,51945,847,759,0.5055829540701697,0.4944170459298302,0.739189032582056,0.02305242821422252,0.09506783814989204,0.01743060592923886,4.406654047611894e-4,0.09027011740108516,0.03454931231874416,0.217006734979537,0.04694359279320723,0.06185886557250131,0.16545090141011004,0.0908359677641046,0.155177322670317,0.08402945887342671,0.01802820220086003,0.01948403492876518,0.1817703653378334
36,New York,2019,19453561,72108,1309,1424,0.5141861173900244,0.4858138826099756,0.6319501092884743,0.15854701357761697,0.00378131284035863,0.08637076779927336,4.254748012459004e-4,0.08554850189124757,0.03337681980178333,0.21815894842885344,0.03974523031330138,0.04689319235925119,0.1049945794773612,0.08815305149738005,0.2121109712051475,0.1195424660297083,0.03085541218731371,0.01556056634545539,0.1303053548292806
37,North Carolina,2019,10488084,57341,931,951,0.5142747712546925,0.48572522874530755,0.6812025914361479,0.21486107472060673,0.01208113893824649,0.02954829499840008,6.557918491118111e-4,0.03351088721257381,0.02814022084491314,0.21386510816567017,0.04201666407636929,0.0606463517783377,0.14528493294283615,0.10127649947259504,0.204731353233032,0.08568546016690791,0.01827989320275823,0.01426977893794653,0.13590445326362094
38,North Dakota,2019,762062,64577,804,859,0.49041022908897175,0.5095897709110282,0.8580797887835898,0.0292049728237335,0.05376202986108742,0.0140001732142529,0.00366374389485369,0.00829328847259146,0.03299600294989122,0.22208674101610903,0.0444451053283767,0.06604807930607187,0.1576168525402726,0.14020520446096654,0.21517125154894673,0.06287781908302355,0.0134265179677819,0.01265724907063197,0.10572620443034376
39,Ohio,2019,11689100,58642,813,929,0.5096109195746464,0.4903890804253535,0.8086721817761846,0.12552985259771923,0.00201418415446869,0.02349068790582679,4.511895697701278e-4,0.01046915502476666,0.02937274897126382,0.2875362819347798,0.03890119077418645,0.06792586901173382,0.1335714343390927,0.0872817416074054,0.18198515367763568,0.08207105637962658,0.01734402261918145,0.01135033705785419,0.13068223522770658
40,Oklahoma,2019,3956971,54449,814,795,0.5040456450148358,0.49595435498516416,0.7242370489953047,0.07263485125364831,0.08009383945447161,0.02273203417462498,0.00121507082058473,0.02322988973131215,0.07585726557005346,0.26159838487746845,0.05348642585417777,0.071164809387747,0.15649210230127472,0.07937252123131713,0.1709989600052534,0.06361492094665484,0.01653721455503954,0.01095086979296316,0.15176079315668353
41,Oregon,2019,4217737,67058,1185,1328,0.5045504259748771,0.49544957402512296,0.835484289323872,0.01847388777441552,0.01195356656899185,0.04601235212152867,0.00336246664976977,0.03555793071023631,0.04915550685118584,0.18777270509397553,0.04221921624246432,0.07831417634778814,0.1696874085963138,0.09005735382605372,0.2101359450998923,0.09333901807090617,0.02266142100144639,0.0193372550883198,0.11377691801509572
42,Pennsylvania,2019,12801989,63463,951,1005,0.510034964098157,0.48996503590184304,0.7962662676869977,0.11363492032370907,0.00211592120568139,0.03543683719771982,3.2401215154926314e-4,0.02623326734619128,0.02598877408815145,0.3055056492907206,0.03820653794468697,0.05491028170468084,0.10238439456820952,0.08592057009963186,0.1951284864172008,0.0916728732583698,0.02103037692804946,0.01531739572150576,0.1202318235840318
44,Rhode Island,2019,1059361,71169,1043,1491,0.5117613353710397,0.48823866462896026,0.7869744119332315,0.07376427865477396,0.00315378799106253,0.03502205574870134,2.3599131929531104e-4,0.05874862299065191,0.04210085136228349,0.239605757799698,0.04459188809990468,0.05644673285565873,0.11757248123038697,0.08595465304330131,0.2089652347138772,0.09707718836016235,0.02536976940954706,0.01703723934068052,0.10823239274837863
45,South Carolina,2019,5148714,56227,922,844,0.5173550133101198,0.4826449866898802,0.6670533651704096,0.26471017811437964,0.00368460939955103,0.0168141015406954,0.0014706584984133901,0.02188604766161026,0.02438103961494074,0.2411891095766619,0.0437398476202878,0.06143515779618568,0.1420777480043242,0.09894157056402048,0.18424316991112497,0.08497127865819638,0.01581554129373451,0.01092808607085084,0.1384592168866743
46,South Dakota,2019,884659,59533,769,912,0.49194209294202623,0.5080579070579737,0.8407352437492864,0.02358648925744269,0.08569290540196844,0.01303327044657885,0.00234327577066417,0.00669071359699047,0.0279181017770689,0.2599684709427596,0.04043167938996206,0.06287445006963942,0.14200660171522153,0.11875434714954534,0.20616500206622465,0.06484714189266176,0.01501116441536046,0.01121373265604247,0.11928419653471373
47,Tennessee,2019,6829174,56071,904,851,0.512515715663417,0.48748428433658303,0.7721153392782202,0.16712182176058188,0.0029917234500102,0.01841247565225311,5.079677278686998e-4,0.01597147766333088,0.02287919446773504,0.2587232278403617,0.05673586620428542,0.0636355811998478,0.13945127804613672,0.07432654972494451,0.18003980432734648,0.07497163377121502,0.01763968263910104,0.01457404214179833,0.1385400634127984
48,Texas,2019,28995881,64034,1091,1103,0.5038687736371935,0.4961312263628065,0.7336671715544701,0.12256644314411416,0.00500046885969769,0.04987166970370722,9.320634196284638e-4,0.0591330196175105,0.02882916370087186,0.20904075365360592,0.04315844144775217,0.06125326607200407,0.15057767857856286,0.07471547552143955,0.1998022112073213,0.07910315860125555,0.01697057671973173,0.01183573888470133,0.13627701261675057
49,Utah,2019,3205958,75780,1098,1303,0.4976007171647289,0.5023992828352711,0.8732263491910999,0.0115154347000179,0.01103195986971757,0.02385246469230102,0.00958371881353405,0.03848334881492521,0.03230672391840442,0.20106644095601992,0.03026221076464015,0.07526972282788377,0.179433163562099,0.09666131685003912,0.23441665376293688,0.08185271752549707,0.01709622136941355,0.0143346488162746,0.08906882719294135
50,Vermont,2019,623989,63001,980,1222,0.5045361376562728,0.4954638623437272,0.937704030038991,0.01512045885424262,0.00469239041072839,0.01378710201622144,6.186006484088662e-4,0.00345038133685048,0.02462703669455711,0.25823349597583256,0.03186117183396999,0.05147477993886318,0.11565946520991656,0.08687084509760794,0.2267157137791264,0.11714748697139316,0.02634673824732133,0.01643332630095296,0.10165934928133816
51,Virginia,2019,8535519,76456,1254,1311,0.5077277667591157,0.4922722332408844,0.6695135937252322,0.19447065843330671,0.0027400794257502,0.06626931531638557,5.903566028029461e-4,0.02889841847929809,0.03751757801722426,0.19691245525738593,0.03936668927387937,0.0603694312569037,0.12817199826248557,0.07970821881443417,0.22354066412078688,0.12663149522447464,0.0260906419250788,0.0196449469984881,0.09937667864787084
53,Washington,2019,7614893,78687,1359,1509,0.499983519138089,0.500016480861911,0.7421103618921501,0.04017443186660666,0.01364195137082031,0.08995096845090272,0.00658433414625786,0.0479842592666765,0.05955369300658591,0.18062050641888852,0.04003648925850288,0.07476139457621121,0.152019989701954,0.09971487568625288,0.2277229145133644,0.10187258852198844,0.02310879258056784,0.01695775154792031,0.09775436965673524
54,West Virginia,2019,1792147,48850,727,533,0.5056984722793387,0.4943015277206613,0.93072945467085,0.03678548690481306,0.00200932177996559,0.00798539405528676,2.2263798672765125e-4,0.00427252898339254,0.01799517561896429,0.3371014904541928,0.06523761870787753,0.05944799958784969,0.1199911637470084,0.07904777665199682,0.12621010611309466,0.06274364094213815,0.0123574841970016,0.00921796038673438,0.1602794629251603
55,Wisconsin,2019,5822434,64168,867,1046,0.5031624231378149,0.4968375768621851,0.852453458467713,0.06436260161987238,0.00937357125903015,0.02875429760131244,7.247827970226885e-4,0.0207957702912562,0.02353551796379315,0.2693920854933087,0.03529164181371933,0.06549273588300705,0.1348096087824401,0.1091780533635844,0.20667972510045987,0.07669492950064566,0.01774768167141311,0.01227484474950097,0.10421637911486044
56,Wyoming,2019,578759,65003,822,1005,0.48855222985733265,0.5114477701426673,0.9085992615233628,0.01229527316205881,0.02379919793903853,0.00800505910059282,0.00130278751604726,0.01865888910582816,0.02733953165307148,0.245396270844716,0.05600658719959368,0.08000574584388234,0.15984475961082167,0.1129520042478203,0.18772236287569227,0.07555271683506606,0.01548043206693908,0.0125305568594859,0.10105087945940576
72,Puerto Rico,2019,3193694,20474,482,255,0.5253164517326957,0.47468354826730425,0.6433816138928776,0.12381868770145169,9.650267057520226e-4,0.00205811827933421,5.730041763550296e-5,0.15861350523876114,0.07110574776418781,0.25868008263331793,0.02291010911334276,0.01542227928062961,0.10609301244496,0.11248254034456616,0.1927194051443802,0.05400882377858442,0.0121512684996318,0.01334124041212389,0.43470994793492024
01,Alabama,2020,5039877,53913,861,760,0.5146913307606515,0.4853086692393485,0.6511827570395071,0.2589559229322462,0.00492670753671171,0.0136537062313227,3.295715351783387e-4,0.02122571642125393,0.04972561830378003,0.26157768526266745,0.05114904694240393,0.06236511969142399,0.1421029969796083,0.08780345896277478,0.16581904075326667,0.07867216348594464,0.01676688278423091,0.01307078564954647,0.16142826107235014
02,Alaska,2020,732673,77845,1259,1403,0.4770914173171388,0.5229085826828612,0.5937218923039337,0.03003113257892675,0.13702838783468205,0.06462228033515634,0.01524691096846751,0.02609349600708638,0.13325589997174728,0.225009726645244,0.05386811698323723,0.07182278361147765,0.17160066614653988,0.08291012991504368,0.2087821828444622,0.08053044697280039,0.02561658696650122,0.01297709452240628,0.10486642139936296
04,Arizona,2020,7276316,69056,1253,1124,0.5011733959877498,0.49882660401225015,0.5829418348515925,0.04489057374638484,0.04049549249922626,0.03371005327421184,0.00170855691259148,0.0953072956149788,0.2009461931010143,0.19427295199463004,0.04026265903419013,0.07631191473118973,0.16072033455032902,0.09383074945128776,0.1979145018861325,0.09139756122978208,0.01966910808732893,0.01531294217995432,0.12753892629785896
05,Arkansas,2020,3025891,52528,820,737,0.5063665545123733,0.4936334454876266,0.6992475935187354,0.1478579367201264,0.00563734780928989,0.01451737686519441,0.00390430455029609,0.02993762828865944,0.09889781224769828,0.28113230046870025,0.05995839555434072,0.0675294428252942,0.14605525765263183,0.07927418448563449,0.15906511208614543,0.06879406486426537,0.01419988487375617,0.01068573725207494,0.1630794395522994
06,California,2020,39237836,84907,1750,1912,0.4999995922303157,0.5000004077696844,0.3935939790359489,0.05508675351005596,0.01364672608346698,0.152085222029064,0.003876997701912,0.1917397789215491,0.1899705427180031,0.1824571498285629,0.02486444657162768,0.06083307205991972,0.1356710803757536,0.07879172507305778,0.22140687492755912,0.09563290702009734,0.02583167536044118,0.01899641354627181,0.12299417464728124
08,Colorado,2020,5812069,82254,1491,1558,0.49363350641570153,0.5063664935842984,0.7056666051280533,0.03946391551786463,0.01038821115165701,0.03184631841087915,0.0014913794037889,0.06225855198897329,0.14888501839878365,0.16294345803428234,0.03842557036256034,0.05930222724892203,0.13689022897584727,0.08262659791275467,0.27380295941181676,0.12378795019610889,0.02616351093991319,0.02039967538552914,0.09713103961630155
09,Connecticut,2020,3605597,83771,1277,1660,0.5096387643987944,0.4903612356012056,0.653034712420717,0.1056263359438118,0.0033941674568733,0.04794712221027475,4.099182465483525e-4,0.07346772254358987,0.11612002117818492,0.22441342563218716,0.03078785468296732,0.05478666148984996,0.10567413832833011,0.07420761560242048,0.23188745474231132,0.13739752901700458,0.03278045562300148,0.01921025135970353,0.10101060228291046
10,Delaware,2020,1003384,71091,1208,1175,0.5157307670841871,0.48426923291581286,0.6077025346228363,0.20766625738500913,0.00337358379244636,0.04092750133548073,4.136003763265111e-4,0.04558872774530987,0.09432779474259108,0.2511868868688687,0.03198688236882369,0.05872980604806048,0.12251372513725137,0.09294983574835748,0.20572940104401044,0.11358535460354605,0.02010113851138511,0.01677954279542795,0.1159220374485912
11,District of Columbia,2020,670050,90088,1668,2196,0.523878815013805,0.47612118498619505,0.3788403850458921,0.4317618088202373,0.00191179762704275,0.0413282590851429,2.2834116856950977e-4,0.04948884411611073,0.0964405641370047,0.12485222672910393,0.02328656109145442,0.03053215086867708,0.08689486062317503,0.03182085911097929,0.25225053992071417,0.22842092511289253,0.1005004448863138,0.04929674543730444,0.16471918819246076
12,Florida,2020,21781128,63062,1348,1105,0.5080824096897094,0.49191759031029064,0.5606109564206225,0.15084700847449223,0.00291720428804238,0.02847694573026704,5.717334749605255e-4,0.06535373190956868,0.19122241970204665,0.23390657679213497,0.04292581925200173,0.06496371491097455,0.12414553065887957,0.10039917214192354,0.2060776461443453,0.08682181244378136,0.02438142529286348,0.01432713184176597,0.13128803635813124
13,Georgia,2020,10799566,66559,1153,1112,0.5120040934978313,0.4879959065021687,0.5187549203366135,0.30778088675044907,0.00496705145373434,0.04313877057652132,5.049276980204575e-4,0.03730168416027088,0.08755175902439043,0.2191766108844969,0.04766105665657258,0.05792608543417851,0.13440455852427977,0.08426142730898524,0.20928356153646996,0.0966726294881682,0.02397891923042418,0.01634387210542707,0.1402105663836461
15,Hawaii,2020,1441553,84857,1774,1790,0.4966511810526564,0.5033488189473436,0.2217587560082772,0.01975924575787362,0.00335540906230988,0.3719329084674653,0.10097166042455602,0.0189913239402228,0.2632306963392952,0.23776264159179863,0.02562037101382321,0.06354294416978977,0.1389564514376712,0.11041444199642356,0.22203375397749017,0.08914961235681769,0.026562929742670702,0.01527865187674894,0.11176261701435831
16,Idaho,2020,1900923,66474,1035,1048,0.4979738790050938,0.5020261209949062,0.8143859588210569,0.00748846744449933,0.01262018503642704,0.01367809216890952,9.095581462268592e-4,0.05731531471816586,0.09360242366471444,0.21998924907320969,0.04900816338864123,0.07390466981454652,0.1619342444054626,0.10061022642151583,0.20178821628447333,0.07483344810530819,0.01897474963540681,0.01155565592581224,0.11009680074760192
17,Illinois,2020,12671469,72205,1106,1234,0.5056323777456269,0.4943676222543732,0.6132644920648112,0.13594351215316866,0.00668533379989328,0.05749380754512361,4.561428513142399e-4,0.07516168804106296,0.11099502354462612,0.21488135483341136,0.03652961498950198,0.06747055819254752,0.12813639048520412,0.08330789626532681,0.2213204741843635,0.11018433007124172,0.02442164697732609,0.01547333506133588,0.12103817090343572
18,Indiana,2020,6805985,62743,905,895,0.5041230622753357,0.4958769377246644,0.7799782103545629,0.08836751770684184,0.00281722630890312,0.02384974401207172,2.478700731782394e-4,0.03097802889662554,0.0737614026478166,0.2783172585676341,0.05460354138306367,0.06893869262666211,0.1248721661906413,0.09088630198364736,0.18489851481402772,0.0753407457752612,0.01633268130688645,0.01222050644010447,0.12151469631124018
19,Iowa,2020,3193079,65600,847,957,0.4978930994190873,0.5021069005809127,0.8445453432251442,0.03606957422600568,0.00478785523314643,0.02360511593981859,0.00152172871388399,0.02179213229613173,0.06767825036586943,0.2632355149885765,0.03933492446640817,0.07536608771694238,0.13037621516511086,0.1195249433737854,0.20674966698030797,0.06796221893348543,0.01621374272959643,0.01448489445135619,0.11118088892200378
20,Kansas,2020,2934582,64124,904,969,0.49750594803621095,0.502494051963789,0.7601852665899266,0.05272710048654289,0.00738435661365059,0.02910874530001206,6.021300478228245e-4,0.0440474997802072,0.10594490118183782,0.21297048142428968,0.04120624076723891,0.08500035785396777,0.13951516193793112,0.08628399805780551,0.2201002711966688,0.09667515046600823,0.02277495928445683,0.01441713827013906,0.11683430111986728
21,Kentucky,2020,4509394,55573,830,825,0.5056258113617927,0.49437418863820726,0.8330252357633864,0.07199060450251187,0.00229676093949652,0.01426222680918988,0.00110613532550049,0.01389654574428404,0.06342249091563079,0.26150902556868116,0.0659755603474744,0.06618544595981568,0.1268284172123097,0.08957761982567798,0.15872875598588243,0.08085697010299665,0.01851541993205034,0.01170063553753297,0.1648181613732906
22,Louisiana,2020,4624047,52087,924,807,0.5110633607314112,0.4889366392685888,0.578540832305554,0.3117712687608928,0.00517425536548395,0.01741029016357316,7.897843598908056e-4,0.01886421137155396,0.06744935767305134,0.27291570025016154,0.05540670335360161,0.0572397668923189,0.14898501404792655,0.06776528574169138,0.16793191038327518,0.06586292893654726,0.01873195888856167,0.01193255712042848,0.1962279644111368
23,Maine,2020,1372247,64767,945,1034,0.5092115340751338,0.4907884659248663,0.904709574879741,0.01535364988956069,0.00347605059439007,0.01226236967543015,2.6598709999001635e-4,0.00863838652953877,0.05529398133134924,0.2487069959155848,0.04742295665948824,0.05975501390040962,0.12396091728911472,0.105555435148826,0.2216450361450056,0.0972940010521359,0.02216775459619852,0.01877195644078583,0.11518296825381404
24,Maryland,2020,6165129,90203,1473,1631,0.5128908089352227,0.4871091910647774,0.4896643687423248,0.2936426796584467,0.00408880333242013,0.06617574425449979,5.750082439475313e-4,0.06586042238532235,0.0799929733830387,0.20783289572831984,0.03063773325283273,0.06032560621165105,0.11760669839888048,0.06899697186691191,0.2238415167810992,0.1419944024000412,0.03250726611533115,0.02714040334545522,0.10265400167036116
25,Massachusetts,2020,6984723,89645,1487,1840,0.5120419234950334,0.48795807650496664,0.691823426641257,0.06682226338825463,0.00226709062048702,0.07067524367108044,3.0151517819675886e-4,0.05656444786715235,0.11154601263357186,0.19908425038325103,0.02871510338405858,0.0491590767930728,0.09156482945961857,0.0763093608497281,0.253456959869335,0.14930305557216114,0.03173977228859386,0.03166783356012608,0.10374858670412734
26,Michigan,2020,10050811,63498,969,958,0.5048291127949774,0.49517088720502256,0.7400410772822213,0.1338250216823299,0.00509292235223605,0.03206258679026001,2.4993008026914445e-4,0.01913268491468002,0.06959577689800356,0.2469573910679951,0.04037697068013789,0.07607099647943637,0.14192411102003114,0.09758078685923983,0.19193662555158963,0.09319819073580424,0.01875645000390855,0.01283323974328357,0.13062621688175044
27,Minnesota,2020,5707390,77720,1113,1246,0.4987782506539767,0.5012217493460233,0.7773880880752848,0.06808278389947069,0.00846428928108995,0.05077329567455527,3.3360257490726937e-4,0.02637615442435158,0.06858178607034038,0.2021359710388633,0.03114902191527421,0.06756692286896646,0.13357718977044392,0.11792060105541737,0.2549240242108865,0.0943809567291193,0.02387718910356212,0.01577047160340438,0.09302191137618578
28,Mississippi,2020,2949965,48716,831,672,0.5134101591035826,0.48658984089641744,0.5606883471498815,0.36100428310166394,0.00530446971404745,0.00844382899458129,1.9559554096404533e-4,0.01369643368650136,0.05066704181236049,0.23807685018598523,0.05975712426841828,0.06349410390480076,0.1542135398063274,0.10153762358580344,0.15428365580766265,0.06696332170999716,0.01483410706510169,0.01169412961400125,0.1936492771419895
29,Missouri,2020,6168187,61847,882,946,0.5063085798144576,0.4936914201855423,0.774289106345187,0.10810550977134772,0.00357414585517592,0.0201297399057454,0.00116030853150204,0.01675435585853671,0.07598683373250519,0.2628789244585644,0.04561573109949903,0.07152925945326707,0.1356982885198955,0.0830062408999691,0.19476846114425805,0.09059360237957675,0.0189264081063087,0.01290080948575154,0.1268888887407364
30,Montana,2020,1104271,63249,883,959,0.4920531282628992,0.5079468717371007,0.8505058993670938,0.00516449313619573,0.05786260800111566,0.0093355707068283,3.595131992056298e-4,0.01334183366220791,0.06343008192735297,0.22333774150383823,0.04470902162090255,0.077004739435389,0.15992920843343011,0.0905526906794582,0.22350859071571472,0.0845990521129222,0.02274250806643034,0.01713448050101857,0.1186473481845862
31,Nebraska,2020,1963692,66817,912,1076,0.49787492132167366,0.5021250786783263,0.7845018465217559,0.04666465005713727,0.01199118802745033,0.02306115215624446,3.0249142940950004e-4,0.04634891826213072,0.08712975354587175,0.21625780635897185,0.03534060173178929,0.07757153379093502,0.13984446081192323,0.10811459023191618,0.22166500584896667,0.08573378226989423,0.02101991743363434,0.01606763757450469,0.10753876791076432
32,Nevada,2020,3143991,66274,1311,1281,0.4957978569277075,0.5042021430722925,0.496187807153392,0.09164052950533257,0.0142051933354771,0.08583071643652924,0.00732349424664383,0.12936232959954402,0.1754499297230813,0.23191945006124515,0.04050754597035971,0.07744253306007864,0.15628599806824617,0.08967241358867507,0.1793156410950983,0.06899042605295633,0.01695802585339648,0.01046503461742974,0.1409475324635148
33,New Hampshire,2020,1388992,88465,1263,1535,0.500908572547574,0.4990914274524259,0.8793650359397318,0.01460843546975072,0.00111591715431046,0.0262218932866424,2.807791549555361e-5,0.01438669193199096,0.06427394830207805,0.2252255736781452,0.04046838398203741,0.06425948956579175,0.11351875102894128,0.09844314987930396,0.245315465954193,0.12089836738013206,0.01989650090546831,0.01635694294855393,0.0722096357603129
34,New Jersey,2020,9267130,89296,1457,1899,0.5075541186969429,0.4924458813030571,0.5463275037686964,0.1288516509426327,0.00385523889273162,0.09982108808228651,3.953759146575045e-4,0.09986684119031458,0.12088230120868056,0.22850346447647027,0.02625606868376151,0.05356304117723468,0.1003381457540567,0.0701226533251514,0.25706568318709905,0.12818400763496138,0.02811461153241823,0.01766164017294503,0.10234116176654148
35,New Mexico,2020,2115877,53992,906,830,0.5026388584969731,0.4973611415030269,0.4513608305208668,0.02023936173983648,0.09312025226419116,0.01641825115543106,6.380333072291064e-4,0.142911898943086,0.2753113720693594,0.21225136138110468,0.04454589262410301,0.06729452090208604,0.15937276162335778,0.09081802820862996,0.15976364810840585,0.09725903778500417,0.02104996108370003,0.02245494636858182,0.1843455698080061
36,New York,2020,19835913,74314,1409,1454,0.511160741630597,0.488839258369403,0.5557009652139531,0.14178142442951833,0.00603410591687914,0.0871059476818637,4.948095910684827e-4,0.10199555725012506,0.1068871899165922,0.20460061253609935,0.03915452344854478,0.04962217312616902,0.09920352290475776,0.08856464394962957,0.22205034155057513,0.12761328407459047,0.03213412307088234,0.01740504496502275,0.13909358923725168
37,North Carolina,2020,10551162,61972,1026,978,0.5119662649478797,0.48803373505212033,0.624334362414301,0.20076774482279772,0.01106437376281399,0.03080333711111629,5.606017612088602e-4,0.04857711406573039,0.08389246606203184,0.20760963294851295,0.04117391001916741,0.06155405077155451,0.13676446719899657,0.10074359282944538,0.21719030168796868,0.09678368981477392,0.01983401861976981,0.01532054070645597,0.13404121495533372
38,North Dakota,2020,774948,66519,839,874,0.4844247614033458,0.5155752385966542,0.8313654593598538,0.02911292112503032,0.04639666145341364,0.01452355512886026,0.00231241321998379,0.01546426340864161,0.06082472630421654,0.22334377263245972,0.03974235257203412,0.06833103431944255,0.14242440388444544,0.1449878537077273,0.22361412877240552,0.06616423839491335,0.01408220010695841,0.01355530164443628,0.11083290227955422
39,Ohio,2020,11780017,62262,870,953,0.5069128508048842,0.49308714919511576,0.7733864051299756,0.11938675470502293,0.00174821479459664,0.02407084811507487,5.585730478996762e-4,0.01638045174298135,0.0644687524644489,0.2886358454259456,0.03961838749648465,0.06881717886965133,0.12353958309543528,0.08960894548429763,0.18928666059864943,0.08816166301612484,0.01744093014352228,0.01231920825555837,0.1339542062489424
40,Oklahoma,2020,3986639,55826,855,817,0.5021603410792901,0.4978396589207099,0.6564572312667387,0.06888810348767471,0.07473387984214272,0.02262356837426213,0.00131614625753673,0.03586128565942389,0.1401197851122211,0.2567384461998213,0.05072182959207754,0.07606759223588568,0.14322761297918207,0.08110795567540909,0.1830258772243833,0.06831991799655213,0.01526086892289789,0.01264106180221971,0.15647680526157262
41,Oregon,2020,4246155,71562,1282,1385,0.5003639763503688,0.4996360236496313,0.7464275326736777,0.01901367236947308,0.01325457973154536,0.04480147333293297,0.00393932863967518,0.05487246697306151,0.11769094627963415,0.17558861426730701,0.04370239240291226,0.08192144550564485,0.16454340427006223,0.08967625596615891,0.2244763886116276,0.0963273373401944,0.02362904143851041,0.01887756196308694,0.1218878724412329
42,Pennsylvania,2020,12964056,68957,1036,1038,0.5063557269422471,0.49364427305775294,0.7485845479223477,0.10427693308328811,0.00175600907617184,0.03626827900157173,3.4827063382015627e-4,0.03912996056172543,0.06963599972107495,0.2926342605200097,0.04004389897559961,0.05377722743369448,0.09840345035906677,0.08856481893309773,0.2060394381324053,0.0998044629169898,0.02240659597934718,0.01719853153451587,0.12083270193809505
44,Rhode Island,2020,1095610,74008,1142,1602,0.5102372194485264,0.4897627805514736,0.7080028477286626,0.04966000675422823,0.00300928250015972,0.03116437418424439,0.00136179845017843,0.08808152536030157,0.11872016502222506,0.2260312050722464,0.05120341735361956,0.0581668959382725,0.1105494244076001,0.08041098228230402,0.20892245792952224,0.11130059058986586,0.02422607904181707,0.02056592162014004,0.11411085162785348
45,South Carolina,2020,5190705,59318,976,855,0.5141914248642525,0.48580857513574743,0.6359550388627364,0.25039161347061717,0.0038430232502136,0.01655902232933676,4.090003188391558e-4,0.02723791854863645,0.06560438321962046,0.24025441321388016,0.04514203264897323,0.06136036091616324,0.13138957947397703,0.10260232470115868,0.19584826358840796,0.08925833106843657,0.01821366063453792,0.01199672743259639,0.146480411001219
46,South Dakota,2020,895376,66143,830,949,0.49523998856346385,0.5047600114365361,0.8071726291524455,0.01989108486267221,0.08165843176497918,0.01602678651203517,7.594574793159522e-4,0.01447213237790604,0.06001947785064598,0.24477410197212968,0.04820987267457912,0.06011582429532316,0.1406084586628544,0.1201672829395454,0.21555379020524176,0.06900844714479053,0.02021420211153212,0.0118788502939647,0.1228872057658306
47,Tennessee,2020,6975218,59695,981,891,0.5106703475074184,0.4893296524925816,0.7307814608805058,0.15478039539409377,0.00259060003572648,0.01704892951016011,8.973196249923658e-4,0.02576363921529047,0.06813765533923097,0.2554114801996372,0.05665097736374431,0.06656138819694454,0.13641551527427478,0.07754230784169514,0.19200283807380697,0.07900330104705898,0.01890775283916425,0.01488846374092772,0.13617729016607374
48,Texas,2020,29527941,66963,1167,1192,0.5008452841327473,0.49915471586725263,0.4785213435640501,0.11939251030066744,0.00771523486856059,0.05252205021677603,7.804811043208194e-4,0.10197344948636954,0.23909493045925553,0.2025027402265254,0.04319570751941462,0.06544314269235475,0.13619227526605374,0.07539747849223873,0.21211376746400257,0.08655776364225001,0.01867827451868139,0.01380963893926393,0.14248253192356938
49,Utah,2020,3337975,79449,1208,1350,0.4922760056621155,0.5077239943378845,0.7932177442910747,0.01077958942173024,0.00977299110987949,0.02518173443479954,0.0086444625858492,0.05747256944704499,0.09493090870962186,0.1905375518407024,0.03078040927485431,0.08150683807399016,0.16575497320123517,0.09508799553594297,0.24114760482153969,0.09312552126668612,0.01939298572108496,0.01440822150396349,0.08560334106886487
50,Vermont,2020,645570,72431,1115,1264,0.5038601545920659,0.4961398454079341,0.9110429542884584,0.01102901312018836,0.00191148907167309,0.01757361711355856,1.5645088836222252e-4,0.00695199591059064,0.05133447960716886,0.23727861164240716,0.024570730811208,0.05161387925352006,0.10595519823645735,0.08167190758690743,0.2601506359343426,0.1317253973914265,0.02982029586885812,0.02269264434142704,0.1025528778217331
51,Virginia,2020,8642274,80963,1331,1361,0.5054622197815066,0.49453778021849343,0.6076076736284918,0.183728611242828,0.00428336338329472,0.06783295692777155,9.638666860134266e-4,0.04032121638355831,0.09526231174804224,0.20079486130144825,0.03825568700409513,0.0599938882711346,0.11993207769165116,0.07680046955308992,0.234721855757814,0.135217121187237,0.0284035531491558,0.01972866750848776,0.10166907762401849
53,Washington,2020,7738692,84247,1484,1613,0.49638517723667003,0.50361482276333,0.6641236012494101,0.03990144587741701,0.01300271415376138,0.09468021210819606,0.0070497701678785,0.05762097780865293,0.123621278634684,0.17695568109674442,0.03941976049910861,0.07260825428070954,0.14397066253865612,0.10085465148249012,0.2383687248768734,0.11104137286344072,0.02235857592523368,0.01790063558698343,0.09925249606576876
54,West Virginia,2020,1782959,51248,767,576,0.5023104849859139,0.49768951501408615,0.907135834306902,0.02847513599583613,0.00127709049955719,0.00791156723177594,2.753849078974895e-4,0.00499506718886973,0.04992991986916132,0.3303043449743528,0.06111001794634115,0.06009693078844574,0.115929728734455,0.07959372202057942,0.14175001718771113,0.07156330727913396,0.01725093030956055,0.01060738605337752,0.1682713923070006
55,Wisconsin,2020,5895908,67125,921,1076,0.49876270118190447,0.5012372988180955,0.8025908816759013,0.06176114009920101,0.00714173287642887,0.02980762250699977,1.2754608789689392e-4,0.02439166282784602,0.07417941392572612,0.26426212343968447,0.0356040064381299,0.06710065085362135,0.12775949203439654,0.11311988526960098,0.21501327539245388,0.07912590194289533,0.01759127491604599,0.01367869551575568,0.10793186473593816
56,Wyoming,2020,578803,65204,889,1043,0.48858765417594585,0.5114123458240541,0.8456711523609933,0.01155315366368177,0.01789209800225638,0.00867307183964146,1.658595411564902e-4,0.03464045625195446,0.08140420834031614,0.2199075245100519,0.05279905298622985,0.08854224632475692,0.15836680595323613,0.12380232099315032,0.18529245120754373,0.0780856359460526,0.01713174216133634,0.01193631939455871,0.11351809954751133
72,Puerto Rico,2020,3263584,22237,504,259,0.5269032450214243,0.4730967549785757,0.28031758949670055,0.0614021272319021,0.00194264955337444,0.00202691274378107,2.5738574524204063e-5,0.29665055350191694,0.3576344288978007,0.258133454151292,0.02167727363393741,0.01301569203746633,0.10209964233497916,0.11674646009905018,0.20544438702445103,0.05307675618772146,0.01232318193194079,0.01394431352593415,0.4050513970407099
